name,language,url,set_name,rarity,price,released_at,quantity,condition
Cunning Wish,en,https://scryfall.com/card/jud/37/,Judgment,rare,3.50,2002-05-27T00:00:00Z,2,near_mint
Cunning Wish,es,https://scryfall.com/card/jud/37/es/,Judgment,rare,3.50,2002-05-27T00:00:00Z,2,near_mint
Morphling,en,https://scryfall.com/card/usg/85/,Urza's Saga,rare,60.00,1998-10-12T00:00:00Z,1,excellent
Morphling,en,https://scryfall.com/card/usg/85/,Urza's Saga,rare,60.00,1998-10-12T00:00:00Z,1,near_mint
Fact or Fiction,en,https://scryfall.com/card/inv/57/,Invasion,uncommon,1.75,2000-10-02T00:00:00Z,2,near_mint
Fact or Fiction,es,https://scryfall.com/card/inv/57/es/,Invasion,uncommon,1.75,2000-10-02T00:00:00Z,2,near_mint
Fire // Ice,en,https://scryfall.com/card/apc/128/,Apocalypse,uncommon,0.75,2001-06-04T00:00:00Z,4,near_mint
Powder Keg,pt,https://scryfall.com/card/uds/136/pt/,Urza's Destiny,rare,10.96,1999-06-07T00:00:00Z,2,near_mint
Powder Keg,es,https://scryfall.com/card/uds/136/es/,Urza's Destiny,rare,10.96,1999-06-07T00:00:00Z,2,near_mint
Lightning Bolt,en,https://scryfall.com/card/4ed/208/,Fourth Edition,common,1.35,1995-04-01T00:00:00Z,2,near_mint
Standstill,en,https://scryfall.com/card/ody/102/,Odyssey,uncommon,5.13,2001-10-01T00:00:00Z,3,near_mint
Standstill,en,https://scryfall.com/card/ody/102/,Odyssey,uncommon,5.13,2001-10-01T00:00:00Z,1,excellent
Accumulated Knowledge,en,https://scryfall.com/card/nem/26/,Nemesis,common,0.18,2000-02-14T00:00:00Z,2,near_mint
Accumulated Knowledge,en,https://scryfall.com/card/nem/26/,Nemesis,common,0.18,2000-02-14T00:00:00Z,2,excellent
Aether Burst,en,https://scryfall.com/card/ody/60/,Odyssey,common,0.05,2001-10-01T00:00:00Z,4,near_mint
Counterspell,es,https://scryfall.com/card/ice/64/es/,Ice Age,common,0.93,1995-06-03T00:00:00Z,2,near_mint
Counterspell,en,https://scryfall.com/card/ice/64/,Ice Age,common,0.93,1995-06-03T00:00:00Z,2,near_mint
Faerie Conclave,en,https://scryfall.com/card/ulg/139/,Urza's Legacy,uncommon,1.44,1999-02-15T00:00:00Z,4,near_mint
Mana Leak,en,https://scryfall.com/card/sth/36/,Stronghold,common,0.10,1998-03-02T00:00:00Z,4,near_mint
Island,en,https://scryfall.com/card/usg/335/,Urza's Saga,common,0.56,1998-10-12T00:00:00Z,5,near_mint
Island,en,https://scryfall.com/card/usg/336/,Urza's Saga,common,0.27,1998-10-12T00:00:00Z,5,near_mint
Island,en,https://scryfall.com/card/usg/337/,Urza's Saga,common,0.10,1998-10-12T00:00:00Z,5,near_mint
Island,en,https://scryfall.com/card/usg/338/,Urza's Saga,common,0.20,1998-10-12T00:00:00Z,5,near_mint
Compost,en,https://scryfall.com/card/uds/102/,Urza's Destiny,uncommon,1.01,1999-06-07T00:00:00Z,3,near_mint
Compost,es,https://scryfall.com/card/7ed/235/es/,Seventh Edition,uncommon,0.47,2001-04-11T00:00:00Z,1,near_mint
Unearth,en,https://scryfall.com/card/mh1/113/,Modern Horizons,common,0.14,2019-06-14T00:00:00Z,4,near_mint
Death Grasp,en,https://scryfall.com/card/apc/95/,Apocalypse,rare,0.29,2001-06-04T00:00:00Z,1,near_mint
Tarmogoyf,en,https://scryfall.com/card/fut/153/,Future Sight,rare,29.49,2007-05-04T00:00:00Z,4,near_mint
Wall of Blossoms,en,https://scryfall.com/card/mh1/190/,Modern Horizons,uncommon,0.10,2019-06-14T00:00:00Z,4,near_mint
Ignoble Hierarch,en,https://scryfall.com/card/mh2/166/,Modern Horizons 2,rare,4.28,2021-06-18T00:00:00Z,4,near_mint
Ephemerate,en,https://scryfall.com/card/mh1/7/,Modern Horizons,common,0.45,2019-06-14T00:00:00Z,4,near_mint
Force of Negation,en,https://scryfall.com/card/mh1/52/,Modern Horizons,rare,46.80,2019-06-14T00:00:00Z,4,near_mint
Thoughtseize,en,https://scryfall.com/card/ths/107/,Theros,rare,14.46,2013-09-27T00:00:00Z,4,near_mint
Extirpate,es,https://scryfall.com/card/plc/71/es/,Planar Chaos,rare,0.70,2007-02-02T00:00:00Z,4,near_mint
Concealed Courtyard,en,https://scryfall.com/card/kld/245/,Kaladesh,rare,2.37,2016-09-30T00:00:00Z,4,near_mint
Spirebluff Canal,en,https://scryfall.com/card/kld/249/,Kaladesh,rare,17.36,2016-09-30T00:00:00Z,4,near_mint
Indatha Triome,en,https://scryfall.com/card/iko/248/,Ikoria: Lair of Behemoths,rare,8.42,2020-04-24T00:00:00Z,4,near_mint
Den of the Bugbear,en,https://scryfall.com/card/afr/254/,Adventures in the Forgotten Realms,rare,7.18,2021-07-23T00:00:00Z,4,near_mint
Seachrome Coast,en,https://scryfall.com/card/som/229/,Scars of Mirrodin,rare,17.35,2010-10-01T00:00:00Z,4,near_mint
Razorverge Thicket,en,https://scryfall.com/card/som/228/,Scars of Mirrodin,rare,3.16,2010-10-01T00:00:00Z,4,near_mint
Strip Mine,en,https://scryfall.com/card/4ed/363/,Fourth Edition,uncommon,5.73,1995-04-01T00:00:00Z,1,near_mint
Urborg,en,https://scryfall.com/card/leg/310/,Legends,uncommon,16.00,1994-06-01T00:00:00Z,1,near_mint
Cabal Coffers,en,https://scryfall.com/card/tor/139/,Torment,uncommon,14.00,2002-02-04T00:00:00Z,4,near_mint
Urza's Saga,en,https://scryfall.com/card/mh2/259/,Modern Horizons 2,rare,32.95,2021-06-18T00:00:00Z,4,near_mint
Castle Locthwain,en,https://scryfall.com/card/eld/241/,Throne of Eldraine,rare,5.55,2019-10-04T00:00:00Z,4,near_mint
Hall of Storm Giants,en,https://scryfall.com/card/afr/257/,Adventures in the Forgotten Realms,rare,2.28,2021-07-23T00:00:00Z,4,near_mint
"Urborg, Tomb of Yawgmoth",en,https://scryfall.com/card/plist/452/,The List,rare,22.99,2021-06-19T00:00:00Z,4,near_mint
"Yavimaya, Cradle of Growth",en,https://scryfall.com/card/mh2/261/,Modern Horizons 2,rare,7.24,2021-06-18T00:00:00Z,4,near_mint
Hallowed Fountain,en,https://scryfall.com/card/rna/251/,Ravnica Allegiance,rare,9.81,2019-01-25T00:00:00Z,4,near_mint
Blood Crypt,en,https://scryfall.com/card/rna/245/,Ravnica Allegiance,rare,17.11,2019-01-25T00:00:00Z,4,near_mint
Stomping Ground,en,https://scryfall.com/card/rna/259/,Ravnica Allegiance,rare,9.28,2019-01-25T00:00:00Z,4,near_mint
Godless Shrine,en,https://scryfall.com/card/rna/248/,Ravnica Allegiance,rare,10.70,2019-01-25T00:00:00Z,4,near_mint
Breeding Pool,en,https://scryfall.com/card/rna/246/,Ravnica Allegiance,rare,16.92,2019-01-25T00:00:00Z,4,near_mint
Steam Vents,en,https://scryfall.com/card/grn/257/,Guilds of Ravnica,rare,11.99,2018-10-05T00:00:00Z,4,near_mint
Overgrown Tomb,en,https://scryfall.com/card/grn/253/,Guilds of Ravnica,rare,8.15,2018-10-05T00:00:00Z,4,near_mint
Sacred Foundry,en,https://scryfall.com/card/grn/254/,Guilds of Ravnica,rare,11.54,2018-10-05T00:00:00Z,4,near_mint
Watery Grave,en,https://scryfall.com/card/grn/259/,Guilds of Ravnica,rare,12.15,2018-10-05T00:00:00Z,4,near_mint
Temple Garden,en,https://scryfall.com/card/grn/258/,Guilds of Ravnica,rare,8.50,2018-10-05T00:00:00Z,4,near_mint
Marsh Flats,en,https://scryfall.com/card/mh2/248/,Modern Horizons 2,rare,13.36,2021-06-18T00:00:00Z,4,near_mint
Scalding Tarn,en,https://scryfall.com/card/mh2/254/,Modern Horizons 2,rare,24.40,2021-06-18T00:00:00Z,4,near_mint
Verdant Catacombs,en,https://scryfall.com/card/mh2/260/,Modern Horizons 2,rare,16.88,2021-06-18T00:00:00Z,4,near_mint
Arid Mesa,en,https://scryfall.com/card/mh2/244/,Modern Horizons 2,rare,14.26,2021-06-18T00:00:00Z,4,near_mint
Misty Rainforest,en,https://scryfall.com/card/mh2/250/,Modern Horizons 2,rare,21.52,2021-06-18T00:00:00Z,4,near_mint
Wooded Bastion,en,https://scryfall.com/card/2xm/332/,Double Masters,rare,4.35,2020-08-07T00:00:00Z,4,near_mint
Sunken Ruins,en,https://scryfall.com/card/2xm/326/,Double Masters,rare,11.00,2020-08-07T00:00:00Z,2,near_mint
Twilight Mire,en,https://scryfall.com/card/2xm/328/,Double Masters,rare,4.50,2020-08-07T00:00:00Z,4,near_mint
Flooded Grove,en,https://scryfall.com/card/2xm/318/,Double Masters,rare,3.24,2020-08-07T00:00:00Z,4,near_mint
Graven Cairns,en,https://scryfall.com/card/2xm/320/,Double Masters,rare,5.39,2020-08-07T00:00:00Z,4,near_mint
Fiery Islet,en,https://scryfall.com/card/mh1/238/,Modern Horizons,rare,12.52,2019-06-14T00:00:00Z,4,near_mint
Nurturing Peatland,en,https://scryfall.com/card/mh1/243/,Modern Horizons,rare,7.81,2019-06-14T00:00:00Z,4,near_mint
Waterlogged Grove,en,https://scryfall.com/card/mh1/249/,Modern Horizons,rare,6.72,2019-06-14T00:00:00Z,4,near_mint
Sunbaked Canyon,en,https://scryfall.com/card/mh1/247/,Modern Horizons,rare,18.56,2019-06-14T00:00:00Z,4,near_mint
Silent Clearing,en,https://scryfall.com/card/mh1/246/,Modern Horizons,rare,9.50,2019-06-14T00:00:00Z,4,near_mint
Blackcleave Cliffs,en,https://scryfall.com/card/som/224/,Scars of Mirrodin,rare,16.99,2010-10-01T00:00:00Z,4,near_mint
Prismatic Vista,en,https://scryfall.com/card/mh1/244/,Modern Horizons,rare,26.61,2019-06-14T00:00:00Z,4,near_mint
Mystic Gate,en,https://scryfall.com/card/2xm/324/,Double Masters,rare,21.22,2020-08-07T00:00:00Z,1,near_mint
Wellwisher,es,https://scryfall.com/card/ons/300/es/,Onslaught,common,0.52,2002-10-07T00:00:00Z,1,near_mint
Caller of the Claw,es,https://scryfall.com/card/lgn/121/es/,Legions,rare,1.99,2003-02-03T00:00:00Z,1,near_mint
Wellwisher,es,https://scryfall.com/card/ons/300/es/,Onslaught,common,0.52,2002-10-07T00:00:00Z,4,played
Blooming Marsh,en,https://scryfall.com/card/kld/243/,Kaladesh,rare,6.25,2016-09-30T00:00:00Z,4,near_mint
Inspiring Vantage,en,https://scryfall.com/card/kld/246/,Kaladesh,rare,8.08,2016-09-30T00:00:00Z,4,near_mint
Botanical Sanctum,en,https://scryfall.com/card/kld/244/,Kaladesh,rare,8.07,2016-09-30T00:00:00Z,4,near_mint
Copperline Gorge,en,https://scryfall.com/card/som/225/,Scars of Mirrodin,rare,5.81,2010-10-01T00:00:00Z,4,near_mint
Darkslick Shores,en,https://scryfall.com/card/som/226/,Scars of Mirrodin,rare,11.47,2010-10-01T00:00:00Z,4,near_mint
Polluted Delta,en,https://scryfall.com/card/ktk/239/,Khans of Tarkir,rare,31.45,2014-09-26T00:00:00Z,4,near_mint
Wooded Foothills,en,https://scryfall.com/card/ktk/249/,Khans of Tarkir,rare,24.34,2014-09-26T00:00:00Z,4,near_mint
Windswept Heath,en,https://scryfall.com/card/ktk/248/,Khans of Tarkir,rare,17.37,2014-09-26T00:00:00Z,4,near_mint
Flooded Strand,en,https://scryfall.com/card/ktk/233/,Khans of Tarkir,rare,26.06,2014-09-26T00:00:00Z,4,near_mint
Bloodstained Mire,en,https://scryfall.com/card/ktk/230/,Khans of Tarkir,rare,26.12,2014-09-26T00:00:00Z,4,near_mint
Fabled Passage,en,https://scryfall.com/card/m21/246/,Core Set 2021,rare,4.56,2020-07-03T00:00:00Z,4,near_mint
"Eiganjo, Seat of the Empire",en,https://scryfall.com/card/neo/268/,Kamigawa: Neon Dynasty,rare,4.79,2022-02-18T00:00:00Z,4,near_mint
"Boseiju, Who Endures",en,https://scryfall.com/card/neo/266/,Kamigawa: Neon Dynasty,rare,29.30,2022-02-18T00:00:00Z,4,near_mint
"Takenuma, Abandoned Mire",en,https://scryfall.com/card/neo/278/,Kamigawa: Neon Dynasty,rare,4.43,2022-02-18T00:00:00Z,4,near_mint
"Otawara, Soaring City",en,https://scryfall.com/card/neo/271/,Kamigawa: Neon Dynasty,rare,14.96,2022-02-18T00:00:00Z,4,near_mint
"Sokenzan, Crucible of Defiance",en,https://scryfall.com/card/neo/276/,Kamigawa: Neon Dynasty,rare,2.51,2022-02-18T00:00:00Z,4,near_mint
Hive of the Eye Tyrant,en,https://scryfall.com/card/afr/258/,Adventures in the Forgotten Realms,rare,8.75,2021-07-23T00:00:00Z,4,near_mint
Celestial Colonnade,en,https://scryfall.com/card/wwk/133/,Worldwake,rare,1.50,2010-02-05T00:00:00Z,4,near_mint
Castle Vantress,en,https://scryfall.com/card/eld/242/,Throne of Eldraine,rare,0.99,2019-10-04T00:00:00Z,4,near_mint
Ketria Triome,en,https://scryfall.com/card/iko/250/,Ikoria: Lair of Behemoths,rare,13.46,2020-04-24T00:00:00Z,4,near_mint
Raugrin Triome,en,https://scryfall.com/card/iko/251/,Ikoria: Lair of Behemoths,rare,15.85,2020-04-24T00:00:00Z,4,near_mint
Savai Triome,en,https://scryfall.com/card/iko/253/,Ikoria: Lair of Behemoths,rare,10.13,2020-04-24T00:00:00Z,4,near_mint
Zagoth Triome,en,https://scryfall.com/card/iko/259/,Ikoria: Lair of Behemoths,rare,13.37,2020-04-24T00:00:00Z,4,near_mint
Jetmir's Garden,en,https://scryfall.com/card/snc/250/,Streets of New Capenna,rare,7.45,2022-04-29T00:00:00Z,4,near_mint
Raffine's Tower,en,https://scryfall.com/card/snc/254/,Streets of New Capenna,rare,9.25,2022-04-29T00:00:00Z,4,near_mint
Spara's Headquarters,en,https://scryfall.com/card/snc/257/,Streets of New Capenna,rare,8.54,2022-04-29T00:00:00Z,4,near_mint
Xander's Lounge,en,https://scryfall.com/card/snc/260/,Streets of New Capenna,rare,7.76,2022-04-29T00:00:00Z,4,near_mint
Ziatora's Proving Ground,en,https://scryfall.com/card/snc/261/,Streets of New Capenna,rare,7.42,2022-04-29T00:00:00Z,4,near_mint
Dauthi Voidwalker,en,https://scryfall.com/card/mh2/81/,Modern Horizons 2,rare,7.28,2021-06-18T00:00:00Z,4,near_mint
Inquisition of Kozilek,en,https://scryfall.com/card/mm3/75/,Modern Masters 2017,uncommon,2.45,2017-03-17T00:00:00Z,4,near_mint
Fatal Push,en,https://scryfall.com/card/aer/57/,Aether Revolt,uncommon,1.47,2017-01-20T00:00:00Z,4,near_mint
"Tourach, Dread Cantor",en,https://scryfall.com/card/mh2/102/,Modern Horizons 2,mythic,4.35,2021-06-18T00:00:00Z,4,near_mint
Seasoned Pyromancer,en,https://scryfall.com/card/mh1/145/,Modern Horizons,mythic,23.99,2019-06-14T00:00:00Z,4,near_mint
"Shizo, Death's Storehouse",en,https://scryfall.com/card/chk/283/,Champions of Kamigawa,rare,18.06,2004-10-01T00:00:00Z,1,near_mint
Liliana of the Veil,en,https://scryfall.com/card/isd/105/,Innistrad,mythic,50.00,2011-09-30T00:00:00Z,4,near_mint
"Ragavan, Nimble Pilferer",en,https://scryfall.com/card/mh2/138/,Modern Horizons 2,mythic,63.67,2021-06-18T00:00:00Z,4,near_mint
"Kroxa, Titan of Death's Hunger",en,https://scryfall.com/card/thb/221/,Theros Beyond Death,mythic,26.78,2020-01-24T00:00:00Z,4,near_mint
Kolaghan's Command,en,https://scryfall.com/card/dtk/224/,Dragons of Tarkir,rare,6.98,2015-03-27T00:00:00Z,4,near_mint
Unlicensed Hearse,en,https://scryfall.com/card/snc/246/,Streets of New Capenna,rare,12.44,2022-04-29T00:00:00Z,4,near_mint
Terminate,en,https://scryfall.com/card/arb/46/,Alara Reborn,common,0.35,2009-04-30T00:00:00Z,4,near_mint
"Shinka, the Bloodsoaked Keep",en,https://scryfall.com/card/plist/651/,The List,rare,9.74,2021-11-19T00:00:00Z,4,near_mint
Chalice of the Void,en,https://scryfall.com/card/mrd/150/,Mirrodin,rare,38.38,2003-10-02T00:00:00Z,1,near_mint
Engineered Explosives,en,https://scryfall.com/card/2xm/252/,Double Masters,rare,10.85,2020-08-07T00:00:00Z,4,near_mint
Alpine Moon,en,https://scryfall.com/card/m19/128/,Core Set 2019,rare,6.98,2018-07-13T00:00:00Z,4,near_mint
Pithing Needle,en,https://scryfall.com/card/mid/257/,Innistrad: Midnight Hunt,rare,0.65,2021-09-24T00:00:00Z,4,near_mint
Void Mirror,en,https://scryfall.com/card/mh2/242/,Modern Horizons 2,rare,0.47,2021-06-18T00:00:00Z,4,near_mint
"Ashiok, Dream Render",en,https://scryfall.com/card/war/228/,War of the Spark,uncommon,1.23,2019-05-03T00:00:00Z,4,near_mint
Boil,en,https://scryfall.com/card/tmp/165/,Tempest,uncommon,1.69,1997-10-14T00:00:00Z,4,near_mint
Noble Hierarch,en,https://scryfall.com/card/uma/174/,Ultimate Masters,rare,12.75,2018-12-07T00:00:00Z,4,near_mint
Hexdrinker,en,https://scryfall.com/card/mh1/168/,Modern Horizons,mythic,7.30,2019-06-14T00:00:00Z,4,near_mint
Elvish Reclaimer,en,https://scryfall.com/card/m20/169/,Core Set 2020,rare,7.49,2019-07-12T00:00:00Z,4,near_mint
Tireless Tracker,en,https://scryfall.com/card/soi/233/,Shadows over Innistrad,rare,4.44,2016-04-08T00:00:00Z,4,near_mint
Cemetery Prowler,en,https://scryfall.com/card/vow/191/,Innistrad: Crimson Vow,mythic,4.39,2021-11-19T00:00:00Z,4,near_mint
Endurance,en,https://scryfall.com/card/mh2/157/,Modern Horizons 2,mythic,44.96,2021-06-18T00:00:00Z,4,near_mint
Force of Vigor,en,https://scryfall.com/card/mh1/164/,Modern Horizons,rare,32.59,2019-06-14T00:00:00Z,2,near_mint
"Toski, Bearer of Secrets",en,https://scryfall.com/card/khm/197/,Kaldheim,rare,8.14,2021-02-05T00:00:00Z,4,near_mint
Esika's Chariot,en,https://scryfall.com/card/khm/169/,Kaldheim,rare,4.01,2021-02-05T00:00:00Z,4,near_mint
Flusterstorm,en,https://scryfall.com/card/mh1/255/,Modern Horizons,rare,8.18,2019-06-14T00:00:00Z,4,near_mint
True-Name Nemesis,en,https://scryfall.com/card/bbd/136/,Battlebond,mythic,5.11,2018-06-08T00:00:00Z,1,near_mint
Snapcaster Mage,en,https://scryfall.com/card/isd/78/,Innistrad,rare,29.30,2011-09-30T00:00:00Z,4,near_mint
Ledger Shredder,en,https://scryfall.com/card/snc/46/,Streets of New Capenna,rare,22.82,2022-04-29T00:00:00Z,4,near_mint
Brazen Borrower // Petty Theft,en,https://scryfall.com/card/eld/39/,Throne of Eldraine,mythic,14.94,2019-10-04T00:00:00Z,4,near_mint
Archmage's Charm,en,https://scryfall.com/card/mh1/40/,Modern Horizons,rare,21.46,2019-06-14T00:00:00Z,4,near_mint
"Jace, the Mind Sculptor",en,https://scryfall.com/card/wwk/31/,Worldwake,mythic,39.00,2010-02-05T00:00:00Z,4,near_mint
Subtlety,en,https://scryfall.com/card/mh2/67/,Modern Horizons 2,mythic,8.44,2021-06-18T00:00:00Z,4,near_mint
Demilich,en,https://scryfall.com/card/afr/53/,Adventures in the Forgotten Realms,mythic,2.86,2021-07-23T00:00:00Z,4,near_mint
Force of Will,en,https://scryfall.com/card/all/28/,Alliances,uncommon,67.50,1996-06-10T00:00:00Z,2,near_mint
Force of Will,es,https://scryfall.com/card/all/28/es/,Alliances,uncommon,67.50,1996-06-10T00:00:00Z,2,excellent
Cryptic Command,en,https://scryfall.com/card/lrw/56/,Lorwyn,rare,8.99,2007-10-12T00:00:00Z,4,near_mint
Shark Typhoon,en,https://scryfall.com/card/iko/67/,Ikoria: Lair of Behemoths,rare,12.19,2020-04-24T00:00:00Z,4,near_mint
Murktide Regent,en,https://scryfall.com/card/mh2/52/,Modern Horizons 2,mythic,22.35,2021-06-18T00:00:00Z,4,near_mint
Mishra's Bauble,en,https://scryfall.com/card/2xm/274/,Double Masters,uncommon,8.65,2020-08-07T00:00:00Z,4,near_mint
Isochron Scepter,en,https://scryfall.com/card/mrd/188/,Mirrodin,uncommon,3.63,2003-10-02T00:00:00Z,2,near_mint
Isochron Scepter,en,https://scryfall.com/card/mrd/188/,Mirrodin,uncommon,3.63,2003-10-02T00:00:00Z,1,excellent
Isochron Scepter,es,https://scryfall.com/card/mrd/188/es/,Mirrodin,uncommon,3.63,2003-10-02T00:00:00Z,1,excellent
Masticore,en,https://scryfall.com/card/uds/134/,Urza's Destiny,rare,15.00,1999-06-07T00:00:00Z,4,near_mint
"Luxior, Giada's Gift",en,https://scryfall.com/card/snc/240/,Streets of New Capenna,mythic,8.02,2022-04-29T00:00:00Z,4,near_mint
Shadowspear,en,https://scryfall.com/card/thb/236/,Theros Beyond Death,rare,17.91,2020-01-24T00:00:00Z,1,near_mint
Winter Orb,en,https://scryfall.com/card/3ed/280/,Revised Edition,rare,16.00,1994-04-01T00:00:00Z,1,near_mint
Black Vise,en,https://scryfall.com/card/4ed/299/,Fourth Edition,uncommon,0.47,1995-04-01T00:00:00Z,1,excellent
Kaldra Compleat,en,https://scryfall.com/card/mh2/227/,Modern Horizons 2,mythic,3.68,2021-06-18T00:00:00Z,1,near_mint
Batterskull,en,https://scryfall.com/card/nph/130/,New Phyrexia,mythic,9.72,2011-05-13T00:00:00Z,1,near_mint
Crucible of Worlds,en,https://scryfall.com/card/5dn/114/,Fifth Dawn,rare,12.48,2004-06-04T00:00:00Z,1,near_mint
Crucible of Worlds,en,https://scryfall.com/card/5dn/114/,Fifth Dawn,rare,12.48,2004-06-04T00:00:00Z,1,excellent
Sword of Fire and Ice,en,https://scryfall.com/card/2xm/297/,Double Masters,mythic,30.15,2020-08-07T00:00:00Z,2,near_mint
Sword of Body and Mind,en,https://scryfall.com/card/2xm/363/,Double Masters,mythic,19.10,2020-08-07T00:00:00Z,1,near_mint
Sword of Feast and Famine,en,https://scryfall.com/card/2xm/364/,Double Masters,mythic,69.00,2020-08-07T00:00:00Z,1,near_mint
Sword of Truth and Justice,en,https://scryfall.com/card/mh1/229/,Modern Horizons,mythic,15.75,2019-06-14T00:00:00Z,1,near_mint
Sword of Sinew and Steel,en,https://scryfall.com/card/mh1/228/,Modern Horizons,mythic,6.84,2019-06-14T00:00:00Z,1,near_mint
Deathrite Shaman,en,https://scryfall.com/card/rtr/213/,Return to Ravnica,rare,5.85,2012-10-05T00:00:00Z,4,near_mint
Dovin's Veto,en,https://scryfall.com/card/war/193/,War of the Spark,uncommon,1.40,2019-05-03T00:00:00Z,4,near_mint
Wrenn and Six,en,https://scryfall.com/card/mh1/217/,Modern Horizons,mythic,60.98,2019-06-14T00:00:00Z,4,near_mint
Assassin's Trophy,en,https://scryfall.com/card/grn/152/,Guilds of Ravnica,rare,7.11,2018-10-05T00:00:00Z,4,near_mint
Abrupt Decay,en,https://scryfall.com/card/rtr/141/,Return to Ravnica,rare,3.93,2012-10-05T00:00:00Z,4,near_mint
Galvanic Iteration,en,https://scryfall.com/card/mid/224/,Innistrad: Midnight Hunt,rare,0.84,2021-09-24T00:00:00Z,4,near_mint
Kaito Shizuki,en,https://scryfall.com/card/neo/226/,Kamigawa: Neon Dynasty,mythic,8.00,2022-02-18T00:00:00Z,4,near_mint
Prismari Command,en,https://scryfall.com/card/stx/214/,Strixhaven: School of Mages,rare,5.92,2021-04-23T00:00:00Z,4,near_mint
"Grist, the Hunger Tide",en,https://scryfall.com/card/mh2/202/,Modern Horizons 2,mythic,5.98,2021-06-18T00:00:00Z,4,near_mint
"Klothys, God of Destiny",en,https://scryfall.com/card/thb/220/,Theros Beyond Death,mythic,8.88,2020-01-24T00:00:00Z,4,near_mint
"Ob Nixilis, the Adversary",en,https://scryfall.com/card/snc/206/,Streets of New Capenna,mythic,15.21,2022-04-29T00:00:00Z,4,near_mint
Kaya's Guile,en,https://scryfall.com/card/mh1/205/,Modern Horizons,rare,2.97,2019-06-14T00:00:00Z,4,near_mint
"Kaya, Orzhov Usurper",en,https://scryfall.com/card/rna/186/,Ravnica Allegiance,mythic,3.30,2019-01-25T00:00:00Z,4,near_mint
"Teferi, Time Raveler",en,https://scryfall.com/card/war/221/,War of the Spark,rare,22.03,2019-05-03T00:00:00Z,4,near_mint
Olivia Voldaren,en,https://scryfall.com/card/isd/215/,Innistrad,mythic,9.10,2011-09-30T00:00:00Z,4,near_mint
Supreme Verdict,en,https://scryfall.com/card/rtr/201/,Return to Ravnica,rare,5.75,2012-10-05T00:00:00Z,4,near_mint
"Teferi, Hero of Dominaria",en,https://scryfall.com/card/dom/207/,Dominaria,mythic,29.35,2018-04-27T00:00:00Z,4,near_mint
"Zirda, the Dawnwaker",en,https://scryfall.com/card/iko/233/,Ikoria: Lair of Behemoths,rare,0.42,2020-04-24T00:00:00Z,1,near_mint
"Umori, the Collector",en,https://scryfall.com/card/iko/231/,Ikoria: Lair of Behemoths,rare,0.32,2020-04-24T00:00:00Z,1,near_mint
"Obosh, the Preypiercer",en,https://scryfall.com/card/iko/228/,Ikoria: Lair of Behemoths,rare,0.39,2020-04-24T00:00:00Z,1,near_mint
"Kaheera, the Orphanguard",en,https://scryfall.com/card/iko/224/,Ikoria: Lair of Behemoths,rare,0.66,2020-04-24T00:00:00Z,1,near_mint
"Lutri, the Spellchaser",en,https://scryfall.com/card/iko/227/,Ikoria: Lair of Behemoths,rare,0.45,2020-04-24T00:00:00Z,1,near_mint
"Jegantha, the Wellspring",en,https://scryfall.com/card/iko/222/,Ikoria: Lair of Behemoths,rare,0.79,2020-04-24T00:00:00Z,1,near_mint
Lurrus of the Dream-Den,en,https://scryfall.com/card/iko/226/,Ikoria: Lair of Behemoths,rare,3.35,2020-04-24T00:00:00Z,3,near_mint
Lurrus of the Dream-Den,en,https://scryfall.com/card/q06/9/,Pioneer Challenger Decks 2021,rare,2.50,2021-10-15T00:00:00Z,1,near_mint
"Nevinyrral, Urborg Tyrant",en,https://scryfall.com/card/cmr/287/,Commander Legends,rare,0.17,2020-11-20T00:00:00Z,1,near_mint
Kozilek's Return,en,https://scryfall.com/card/ogw/98/,Oath of the Gatewatch,mythic,2.75,2016-01-22T00:00:00Z,4,near_mint
"Chandra, Torch of Defiance",en,https://scryfall.com/card/kld/110/,Kaladesh,mythic,7.46,2016-09-30T00:00:00Z,4,near_mint
Arclight Phoenix,en,https://scryfall.com/card/grn/91/,Guilds of Ravnica,mythic,6.23,2018-10-05T00:00:00Z,4,near_mint
Shattering Spree,en,https://scryfall.com/card/gk1/34/,GRN Guild Kit,uncommon,3.51,2018-11-02T00:00:00Z,4,near_mint
Fury,en,https://scryfall.com/card/mh2/126/,Modern Horizons 2,mythic,25.44,2021-06-18T00:00:00Z,4,near_mint
Dragon's Rage Channeler,en,https://scryfall.com/card/mh2/121/,Modern Horizons 2,uncommon,1.27,2021-06-18T00:00:00Z,4,near_mint
Magus of the Moon,en,https://scryfall.com/card/fut/101/,Future Sight,rare,5.33,2007-05-04T00:00:00Z,4,near_mint
Blood Moon,en,https://scryfall.com/card/a25/122/,Masters 25,rare,12.61,2018-03-16T00:00:00Z,4,near_mint
Leyline of Sanctity,en,https://scryfall.com/card/m20/26/,Core Set 2020,rare,4.10,2019-07-12T00:00:00Z,4,near_mint
Rest in Peace,en,https://scryfall.com/card/rtr/18/,Return to Ravnica,rare,4.74,2012-10-05T00:00:00Z,4,near_mint
Esper Sentinel,en,https://scryfall.com/card/mh2/12/,Modern Horizons 2,rare,17.35,2021-06-18T00:00:00Z,4,near_mint
Stoneforge Mystic,en,https://scryfall.com/card/wwk/20/,Worldwake,rare,33.02,2010-02-05T00:00:00Z,4,near_mint
The Wandering Emperor,en,https://scryfall.com/card/neo/42/,Kamigawa: Neon Dynasty,mythic,34.52,2022-02-18T00:00:00Z,4,near_mint
Ranger-Captain of Eos,en,https://scryfall.com/card/mh1/21/,Modern Horizons,mythic,19.67,2019-06-14T00:00:00Z,4,near_mint
March of Otherworldly Light,en,https://scryfall.com/card/neo/28/,Kamigawa: Neon Dynasty,rare,5.40,2022-02-18T00:00:00Z,4,near_mint
Monastery Mentor,en,https://scryfall.com/card/frf/20/,Fate Reforged,mythic,8.30,2015-01-23T00:00:00Z,4,near_mint
Lion Sash,en,https://scryfall.com/card/neo/26/,Kamigawa: Neon Dynasty,rare,1.82,2022-02-18T00:00:00Z,4,near_mint
Giver of Runes,en,https://scryfall.com/card/mh1/13/,Modern Horizons,rare,7.12,2019-06-14T00:00:00Z,4,near_mint
Solitude,en,https://scryfall.com/card/mh2/32/,Modern Horizons 2,mythic,41.34,2021-06-18T00:00:00Z,4,near_mint
Sanctifier en-Vec,en,https://scryfall.com/card/mh2/27/,Modern Horizons 2,rare,0.59,2021-06-18T00:00:00Z,4,near_mint
Death's Shadow,en,https://scryfall.com/card/2xm/82/,Double Masters,rare,4.68,2020-08-07T00:00:00Z,4,near_mint
Bitterblossom,en,https://scryfall.com/card/mor/58/,Morningtide,rare,16.37,2008-02-01T00:00:00Z,4,near_mint
Goryo's Vengeance,en,https://scryfall.com/card/uma/99/,Ultimate Masters,rare,1.88,2018-12-07T00:00:00Z,4,near_mint
Dark Confidant,en,https://scryfall.com/card/rav/81/,Ravnica: City of Guilds,rare,19.79,2005-10-07T00:00:00Z,4,near_mint
Bloodghast,en,https://scryfall.com/card/ima/82/,Iconic Masters,rare,8.50,2017-11-17T00:00:00Z,4,near_mint
Collective Brutality,en,https://scryfall.com/card/emn/85/,Eldritch Moon,rare,3.99,2016-07-22T00:00:00Z,4,near_mint
Sinkhole,en,https://scryfall.com/card/2ed/130/,Unlimited Edition,common,25.00,1993-12-01T00:00:00Z,2,near_mint
Sinkhole,en,https://scryfall.com/card/2ed/130/,Unlimited Edition,common,25.00,1993-12-01T00:00:00Z,1,excellent
Sinkhole,en,https://scryfall.com/card/2ed/130/,Unlimited Edition,common,25.00,1993-12-01T00:00:00Z,1,played
Phyrexian Negator,en,https://scryfall.com/card/uds/65/,Urza's Destiny,rare,9.49,1999-06-07T00:00:00Z,2,near_mint
Phyrexian Negator,en,https://scryfall.com/card/uds/65/,Urza's Destiny,rare,9.49,1999-06-07T00:00:00Z,2,excellent
Damnation,es,https://scryfall.com/card/plc/85/es/,Planar Chaos,rare,16.80,2007-02-02T00:00:00Z,4,near_mint
Toxic Deluge,en,https://scryfall.com/card/2xm/110/,Double Masters,rare,13.38,2020-08-07T00:00:00Z,1,near_mint
Necropotence,es,https://scryfall.com/card/ice/154/es/,Ice Age,rare,22.99,1995-06-03T00:00:00Z,1,played
Yawgmoth's Will,en,https://scryfall.com/card/usg/171/,Urza's Saga,rare,150.00,1998-10-12T00:00:00Z,1,near_mint
Demonic Tutor,en,https://scryfall.com/card/3ed/105/,Revised Edition,uncommon,22.99,1994-04-01T00:00:00Z,1,near_mint
Mind Twist,en,https://scryfall.com/card/4ed/147/,Fourth Edition,rare,5.99,1995-04-01T00:00:00Z,1,good
Grief,en,https://scryfall.com/card/mh2/87/,Modern Horizons 2,mythic,12.25,2021-06-18T00:00:00Z,4,near_mint
Archon of Cruelty,en,https://scryfall.com/card/mh2/75/,Modern Horizons 2,mythic,10.79,2021-06-18T00:00:00Z,4,near_mint
Fire-Lit Thicket,en,https://scryfall.com/card/2xm/317/,Double Masters,rare,3.98,2020-08-07T00:00:00Z,4,near_mint
Rugged Prairie,en,https://scryfall.com/card/2xm/325/,Double Masters,rare,2.95,2020-08-07T00:00:00Z,4,near_mint
Elvish Visionary,en,https://scryfall.com/card/ala/130/,Shards of Alara,common,0.05,2008-10-03T00:00:00Z,3,near_mint
Elvish Visionary,en,https://scryfall.com/card/ala/130/,Shards of Alara,common,0.05,2008-10-03T00:00:00Z,1,excellent
"Kess, Dissident Mage",en,https://scryfall.com/card/mh1/206/,Modern Horizons,mythic,3.47,2019-06-14T00:00:00Z,4,near_mint
"Sea Gate Restoration // Sea Gate, Reborn",en,https://scryfall.com/card/znr/76/,Zendikar Rising,mythic,12.21,2020-09-25T00:00:00Z,4,near_mint
"Shatterskull Smashing // Shatterskull, the Hammer Pass",en,https://scryfall.com/card/znr/161/,Zendikar Rising,mythic,6.06,2020-09-25T00:00:00Z,4,near_mint
"Agadeem's Awakening // Agadeem, the Undercrypt",en,https://scryfall.com/card/znr/90/,Zendikar Rising,mythic,17.21,2020-09-25T00:00:00Z,1,near_mint
Thing in the Ice // Awoken Horror,en,https://scryfall.com/card/soi/92/,Shadows over Innistrad,rare,11.27,2016-04-08T00:00:00Z,4,near_mint
Hidetsugu Consumes All // Vessel of the All-Consuming,en,https://scryfall.com/card/neo/221/,Kamigawa: Neon Dynasty,mythic,4.74,2022-02-18T00:00:00Z,4,near_mint
Huntmaster of the Fells // Ravager of the Fells,en,https://scryfall.com/card/dka/140/,Dark Ascension,mythic,9.25,2012-02-03T00:00:00Z,4,near_mint
Geier Reach Bandit // Vildin-Pack Alpha,en,https://scryfall.com/card/soi/159/,Shadows over Innistrad,rare,0.60,2016-04-08T00:00:00Z,4,near_mint
Delver of Secrets // Insectile Aberration,en,https://scryfall.com/card/isd/51/,Innistrad,common,0.47,2011-09-30T00:00:00Z,4,near_mint
Legion Warboss,en,https://scryfall.com/card/grn/109/,Guilds of Ravnica,rare,1.00,2018-10-05T00:00:00Z,4,near_mint
Dreadhorde Arcanist,en,https://scryfall.com/card/war/125/,War of the Spark,rare,1.91,2019-05-03T00:00:00Z,4,near_mint
Ancient Grudge,en,https://scryfall.com/card/tsr/151/,Time Spiral Remastered,common,0.02,2021-03-19T00:00:00Z,4,near_mint
Young Pyromancer,en,https://scryfall.com/card/m14/163/,Magic 2014,uncommon,0.29,2013-07-19T00:00:00Z,4,near_mint
Bonecrusher Giant // Stomp,en,https://scryfall.com/card/eld/115/,Throne of Eldraine,rare,0.82,2019-10-04T00:00:00Z,4,near_mint
Fable of the Mirror-Breaker // Reflection of Kiki-Jiki,en,https://scryfall.com/card/neo/141/,Kamigawa: Neon Dynasty,rare,12.76,2022-02-18T00:00:00Z,4,near_mint
Tainted Indulgence,en,https://scryfall.com/card/snc/227/,Streets of New Capenna,uncommon,0.60,2022-04-29T00:00:00Z,4,near_mint
Faithful Mending,en,https://scryfall.com/card/mid/221/,Innistrad: Midnight Hunt,uncommon,1.27,2021-09-24T00:00:00Z,4,near_mint
Professional Face-Breaker,en,https://scryfall.com/card/snc/116/,Streets of New Capenna,rare,4.53,2022-04-29T00:00:00Z,4,near_mint
"Jaxis, the Troublemaker",en,https://scryfall.com/card/snc/112/,Streets of New Capenna,rare,0.27,2022-04-29T00:00:00Z,4,near_mint
Sprite Dragon,en,https://scryfall.com/card/iko/211/,Ikoria: Lair of Behemoths,uncommon,1.11,2020-04-24T00:00:00Z,4,near_mint
Stormchaser Mage,en,https://scryfall.com/card/ogw/159/,Oath of the Gatewatch,uncommon,0.28,2016-01-22T00:00:00Z,4,near_mint
Once Upon a Time,en,https://scryfall.com/card/eld/169/,Throne of Eldraine,rare,1.33,2019-10-04T00:00:00Z,4,near_mint
Containment Priest,en,https://scryfall.com/card/m21/13/,Core Set 2021,rare,0.50,2020-07-03T00:00:00Z,4,near_mint
Leyline of the Void,en,https://scryfall.com/card/m20/107/,Core Set 2020,rare,4.47,2019-07-12T00:00:00Z,4,near_mint
Veil of Summer,en,https://scryfall.com/card/m20/198/,Core Set 2020,uncommon,5.72,2019-07-12T00:00:00Z,4,near_mint
Baleful Strix,en,https://scryfall.com/card/2xm/191/,Double Masters,rare,2.49,2020-08-07T00:00:00Z,4,near_mint
"Chevill, Bane of Monsters",en,https://scryfall.com/card/iko/181/,Ikoria: Lair of Behemoths,mythic,2.07,2020-04-24T00:00:00Z,4,near_mint
Growth Spiral,en,https://scryfall.com/card/rna/178/,Ravnica Allegiance,common,0.15,2019-01-25T00:00:00Z,4,near_mint
Grisly Salvage,en,https://scryfall.com/card/rtr/165/,Return to Ravnica,common,0.10,2012-10-05T00:00:00Z,4,near_mint
Lightning Helix,en,https://scryfall.com/card/rav/213/,Ravnica: City of Guilds,uncommon,0.60,2005-10-07T00:00:00Z,4,near_mint
Manamorphose,en,https://scryfall.com/card/2xm/208/,Double Masters,uncommon,3.19,2020-08-07T00:00:00Z,4,near_mint
Meddling Mage,en,https://scryfall.com/card/2xm/210/,Double Masters,rare,0.75,2020-08-07T00:00:00Z,4,near_mint
Priest of Fell Rites,en,https://scryfall.com/card/mh2/208/,Modern Horizons 2,rare,0.55,2021-06-18T00:00:00Z,4,near_mint
Territorial Kavu,en,https://scryfall.com/card/mh2/216/,Modern Horizons 2,rare,0.13,2021-06-18T00:00:00Z,4,near_mint
Wear // Tear,en,https://scryfall.com/card/dgm/135/,Dragon's Maze,uncommon,1.70,2013-05-03T00:00:00Z,4,near_mint
Witherbloom Command,en,https://scryfall.com/card/stx/248/,Strixhaven: School of Mages,rare,1.39,2021-04-23T00:00:00Z,4,near_mint
Izzet Charm,en,https://scryfall.com/card/2xm/202/,Double Masters,uncommon,0.41,2020-08-07T00:00:00Z,4,near_mint
Soaring Thought-Thief,en,https://scryfall.com/card/znr/236/,Zendikar Rising,uncommon,0.22,2020-09-25T00:00:00Z,4,near_mint
Expressive Iteration,en,https://scryfall.com/card/stx/186/,Strixhaven: School of Mages,uncommon,7.05,2021-04-23T00:00:00Z,5,near_mint
Ice-Fang Coatl,en,https://scryfall.com/card/mh1/203/,Modern Horizons,rare,4.07,2019-06-14T00:00:00Z,4,near_mint
"Raffine, Scheming Seer",en,https://scryfall.com/card/snc/213/,Streets of New Capenna,mythic,5.65,2022-04-29T00:00:00Z,4,near_mint
Lingering Souls,en,https://scryfall.com/card/dka/12/,Dark Ascension,uncommon,0.28,2012-02-03T00:00:00Z,4,near_mint
"Ayara, First of Locthwain",en,https://scryfall.com/card/eld/75/,Throne of Eldraine,rare,2.33,2019-10-04T00:00:00Z,4,near_mint
Master of the Wild Hunt,en,https://scryfall.com/card/plist/550/,The List,mythic,1.84,2021-09-25T00:00:00Z,4,near_mint
Blightning,en,https://scryfall.com/card/a25/198/,Masters 25,uncommon,0.20,2018-03-16T00:00:00Z,4,near_mint
Deputy of Detention,en,https://scryfall.com/card/rna/165/,Ravnica Allegiance,rare,1.42,2019-01-25T00:00:00Z,4,near_mint
Electrolyze,en,https://scryfall.com/card/gpt/111/,Guildpact,uncommon,0.25,2006-02-03T00:00:00Z,4,near_mint
Esper Charm,en,https://scryfall.com/card/ala/167/,Shards of Alara,uncommon,0.44,2008-10-03T00:00:00Z,4,near_mint
"Florian, Voldaren Scion",en,https://scryfall.com/card/mid/223/,Innistrad: Midnight Hunt,rare,0.26,2021-09-24T00:00:00Z,4,near_mint
Drown in the Loch,en,https://scryfall.com/card/eld/188/,Throne of Eldraine,uncommon,0.96,2019-10-04T00:00:00Z,4,near_mint
Geist of Saint Traft,en,https://scryfall.com/card/isd/213/,Innistrad,mythic,1.89,2011-09-30T00:00:00Z,4,near_mint
Knight of Autumn,en,https://scryfall.com/card/grn/183/,Guilds of Ravnica,rare,1.36,2018-10-05T00:00:00Z,4,near_mint
Lightning Skelemental,en,https://scryfall.com/card/mh1/208/,Modern Horizons,rare,0.50,2019-06-14T00:00:00Z,4,near_mint
Maelstrom Pulse,en,https://scryfall.com/card/2xm/207/,Double Masters,rare,1.35,2020-08-07T00:00:00Z,4,near_mint
"Radha, Heart of Keld",en,https://scryfall.com/card/m21/224/,Core Set 2021,rare,0.40,2020-07-03T00:00:00Z,4,near_mint
Reflector Mage,en,https://scryfall.com/card/ogw/157/,Oath of the Gatewatch,uncommon,0.44,2016-01-22T00:00:00Z,4,near_mint
Soulherder,en,https://scryfall.com/card/mh1/214/,Modern Horizons,uncommon,0.40,2019-06-14T00:00:00Z,4,near_mint
The Royal Scions,en,https://scryfall.com/card/eld/199/,Throne of Eldraine,mythic,1.80,2019-10-04T00:00:00Z,4,near_mint
Thief of Sanity,en,https://scryfall.com/card/grn/205/,Guilds of Ravnica,rare,0.14,2018-10-05T00:00:00Z,4,near_mint
Wandering Mind,en,https://scryfall.com/card/vow/251/,Innistrad: Crimson Vow,uncommon,0.08,2021-11-19T00:00:00Z,4,near_mint
Void Rend,en,https://scryfall.com/card/snc/230/,Streets of New Capenna,rare,2.19,2022-04-29T00:00:00Z,4,near_mint
Maestros Charm,en,https://scryfall.com/card/snc/199/,Streets of New Capenna,uncommon,0.14,2022-04-29T00:00:00Z,4,near_mint
Obscura Charm,en,https://scryfall.com/card/snc/208/,Streets of New Capenna,uncommon,0.16,2022-04-29T00:00:00Z,4,near_mint
Riveteers Charm,en,https://scryfall.com/card/snc/217/,Streets of New Capenna,uncommon,0.13,2022-04-29T00:00:00Z,4,near_mint
Crime // Punishment,en,https://scryfall.com/card/dis/150/,Dissension,rare,10.33,2006-05-05T00:00:00Z,4,near_mint
Stony Silence,en,https://scryfall.com/card/isd/36/,Innistrad,rare,2.70,2011-09-30T00:00:00Z,4,near_mint
Hushbringer,en,https://scryfall.com/card/eld/18/,Throne of Eldraine,rare,0.56,2019-10-04T00:00:00Z,4,near_mint
Bloodbraid Elf,en,https://scryfall.com/card/arb/50/,Alara Reborn,uncommon,0.68,2009-04-30T00:00:00Z,4,near_mint
Culling Ritual,en,https://scryfall.com/card/stx/172/,Strixhaven: School of Mages,rare,3.15,2021-04-23T00:00:00Z,4,near_mint
Siege Rhino,en,https://scryfall.com/card/ktk/200/,Khans of Tarkir,rare,0.30,2014-09-26T00:00:00Z,4,near_mint
Showdown of the Skalds,en,https://scryfall.com/card/khm/229/,Kaldheim,rare,0.72,2021-02-05T00:00:00Z,4,near_mint
Ashen Rider,en,https://scryfall.com/card/afc/175/,Forgotten Realms Commander,mythic,0.30,2021-07-23T00:00:00Z,4,near_mint
Terastodon,en,https://scryfall.com/card/2xm/182/,Double Masters,rare,0.17,2020-08-07T00:00:00Z,1,near_mint
Serra's Emissary,en,https://scryfall.com/card/mh2/30/,Modern Horizons 2,mythic,2.17,2021-06-18T00:00:00Z,4,near_mint
Unmarked Grave,en,https://scryfall.com/card/mh2/106/,Modern Horizons 2,rare,1.26,2021-06-18T00:00:00Z,4,near_mint
Persist,en,https://scryfall.com/card/mh2/96/,Modern Horizons 2,rare,1.25,2021-06-18T00:00:00Z,4,near_mint
Dismember,en,https://scryfall.com/card/nph/57/,New Phyrexia,uncommon,1.49,2011-05-13T00:00:00Z,4,near_mint
Invoke Despair,en,https://scryfall.com/card/neo/101/,Kamigawa: Neon Dynasty,rare,0.28,2022-02-18T00:00:00Z,4,near_mint
Eyetwitch,en,https://scryfall.com/card/stx/70/,Strixhaven: School of Mages,uncommon,0.18,2021-04-23T00:00:00Z,4,near_mint
Shambling Ghast,en,https://scryfall.com/card/afr/119/,Adventures in the Forgotten Realms,common,0.24,2021-07-23T00:00:00Z,4,near_mint
Fires of Invention,en,https://scryfall.com/card/eld/125/,Throne of Eldraine,rare,0.10,2019-10-04T00:00:00Z,4,near_mint
Ingot Chewer,en,https://scryfall.com/card/lrw/180/,Lorwyn,common,0.28,2007-10-12T00:00:00Z,4,near_mint
Village Rites,en,https://scryfall.com/card/m21/126/,Core Set 2021,common,0.10,2020-07-03T00:00:00Z,4,near_mint
Anger of the Gods,en,https://scryfall.com/card/ths/112/,Theros,rare,0.65,2013-09-27T00:00:00Z,4,near_mint
Undying Malice,en,https://scryfall.com/card/vow/134/,Innistrad: Crimson Vow,common,0.06,2021-11-19T00:00:00Z,4,near_mint
Undying Evil,en,https://scryfall.com/card/dka/77/,Dark Ascension,common,0.75,2012-02-03T00:00:00Z,4,near_mint
Feign Death,en,https://scryfall.com/card/afr/103/,Adventures in the Forgotten Realms,common,0.09,2021-07-23T00:00:00Z,4,near_mint
Malakir Rebirth // Malakir Mire,en,https://scryfall.com/card/znr/111/,Zendikar Rising,uncommon,1.46,2020-09-25T00:00:00Z,4,near_mint
Bedevil,en,https://scryfall.com/card/rna/157/,Ravnica Allegiance,rare,0.83,2019-01-25T00:00:00Z,4,near_mint
Dreadbore,en,https://scryfall.com/card/rtr/157/,Return to Ravnica,rare,2.92,2012-10-05T00:00:00Z,4,near_mint
Quicken,en,https://scryfall.com/card/m14/68/,Magic 2014,rare,0.81,2013-07-19T00:00:00Z,4,near_mint
Falkenrath Gorger,en,https://scryfall.com/card/soi/155/,Shadows over Innistrad,rare,0.04,2016-04-08T00:00:00Z,4,near_mint
March of Wretched Sorrow,en,https://scryfall.com/card/neo/111/,Kamigawa: Neon Dynasty,rare,0.19,2022-02-18T00:00:00Z,4,near_mint
Heartless Act,en,https://scryfall.com/card/iko/91/,Ikoria: Lair of Behemoths,uncommon,0.68,2020-04-24T00:00:00Z,4,near_mint
Extinction Event,en,https://scryfall.com/card/iko/88/,Ikoria: Lair of Behemoths,rare,0.46,2020-04-24T00:00:00Z,4,near_mint
Fulminator Mage,en,https://scryfall.com/card/uma/215/,Ultimate Masters,rare,1.00,2018-12-07T00:00:00Z,4,near_mint
Lightning Axe,en,https://scryfall.com/card/2xm/135/,Double Masters,common,0.11,2020-08-07T00:00:00Z,4,near_mint
Fiery Impulse,en,https://scryfall.com/card/ori/145/,Magic Origins,common,0.12,2015-07-17T00:00:00Z,4,near_mint
Strangle,en,https://scryfall.com/card/snc/125/,Streets of New Capenna,common,0.08,2022-04-29T00:00:00Z,4,near_mint
Dragon's Fire,en,https://scryfall.com/card/afr/139/,Adventures in the Forgotten Realms,common,0.10,2021-07-23T00:00:00Z,4,near_mint
Pieces of the Puzzle,en,https://scryfall.com/card/soi/78/,Shadows over Innistrad,common,0.37,2016-04-08T00:00:00Z,4,near_mint
Lofty Denial,en,https://scryfall.com/card/m21/56/,Core Set 2021,common,0.16,2020-07-03T00:00:00Z,4,near_mint
Mulldrifter,en,https://scryfall.com/card/lrw/76/,Lorwyn,common,0.15,2007-10-12T00:00:00Z,4,near_mint
Binding the Old Gods,en,https://scryfall.com/card/khm/206/,Kaldheim,uncommon,1.71,2021-02-05T00:00:00Z,4,near_mint
Battle of Frost and Fire,en,https://scryfall.com/card/khm/204/,Kaldheim,rare,0.08,2021-02-05T00:00:00Z,4,near_mint
Bloodtithe Harvester,en,https://scryfall.com/card/vow/232/,Innistrad: Crimson Vow,uncommon,0.13,2021-11-19T00:00:00Z,4,near_mint
Mayhem Devil,en,https://scryfall.com/card/war/204/,War of the Spark,uncommon,1.96,2019-05-03T00:00:00Z,4,near_mint
Woodland Cemetery,en,https://scryfall.com/card/isd/249/,Innistrad,rare,3.01,2011-09-30T00:00:00Z,4,near_mint
Mystic Sanctuary,en,https://scryfall.com/card/eld/247/,Throne of Eldraine,common,0.55,2019-10-04T00:00:00Z,4,near_mint
Forest,en,https://scryfall.com/card/zen/247/,Zendikar,common,0.32,2009-10-02T00:00:00Z,2,near_mint
Forest,en,https://scryfall.com/card/zen/248/,Zendikar,common,0.20,2009-10-02T00:00:00Z,2,near_mint
Forest,en,https://scryfall.com/card/zen/249/,Zendikar,common,0.25,2009-10-02T00:00:00Z,4,near_mint
Forest,en,https://scryfall.com/card/zen/246/,Zendikar,common,0.49,2009-10-02T00:00:00Z,2,near_mint
Forest,en,https://scryfall.com/card/znr/278/,Zendikar Rising,common,0.24,2020-09-25T00:00:00Z,2,near_mint
Forest,en,https://scryfall.com/card/znr/279/,Zendikar Rising,common,0.14,2020-09-25T00:00:00Z,2,near_mint
Forest,en,https://scryfall.com/card/znr/280/,Zendikar Rising,common,0.26,2020-09-25T00:00:00Z,2,near_mint
Forest,en,https://scryfall.com/card/bfz/271/,Battle for Zendikar,common,0.15,2015-10-02T00:00:00Z,2,near_mint
Forest,en,https://scryfall.com/card/bfz/270/,Battle for Zendikar,common,0.09,2015-10-02T00:00:00Z,2,near_mint
Forest,en,https://scryfall.com/card/bfz/272/,Battle for Zendikar,common,0.10,2015-10-02T00:00:00Z,2,near_mint
Forest,en,https://scryfall.com/card/bfz/273/,Battle for Zendikar,common,0.15,2015-10-02T00:00:00Z,2,near_mint
Forest,en,https://scryfall.com/card/bfz/274/,Battle for Zendikar,common,0.15,2015-10-02T00:00:00Z,2,near_mint
Island,en,https://scryfall.com/card/zen/234/,Zendikar,common,0.09,2009-10-02T00:00:00Z,2,near_mint
Island,en,https://scryfall.com/card/zen/235/,Zendikar,common,0.40,2009-10-02T00:00:00Z,2,near_mint
Island,en,https://scryfall.com/card/zen/236/,Zendikar,common,1.00,2009-10-02T00:00:00Z,2,near_mint
Island,en,https://scryfall.com/card/zen/237/,Zendikar,common,0.09,2009-10-02T00:00:00Z,3,near_mint
Island,en,https://scryfall.com/card/bfz/255/,Battle for Zendikar,common,0.29,2015-10-02T00:00:00Z,3,near_mint
Island,en,https://scryfall.com/card/bfz/256/,Battle for Zendikar,common,0.22,2015-10-02T00:00:00Z,3,near_mint
Island,en,https://scryfall.com/card/bfz/257/,Battle for Zendikar,common,0.15,2015-10-02T00:00:00Z,3,near_mint
Island,en,https://scryfall.com/card/bfz/258/,Battle for Zendikar,common,0.17,2015-10-02T00:00:00Z,3,near_mint
Island,en,https://scryfall.com/card/bfz/259/,Battle for Zendikar,common,0.24,2015-10-02T00:00:00Z,2,near_mint
Island,en,https://scryfall.com/card/znr/269/,Zendikar Rising,common,0.13,2020-09-25T00:00:00Z,2,near_mint
Island,en,https://scryfall.com/card/znr/270/,Zendikar Rising,common,0.23,2020-09-25T00:00:00Z,2,near_mint
Island,en,https://scryfall.com/card/znr/271/,Zendikar Rising,common,0.25,2020-09-25T00:00:00Z,2,near_mint
Mountain,en,https://scryfall.com/card/zen/242/,Zendikar,common,0.05,2009-10-02T00:00:00Z,2,near_mint
Mountain,en,https://scryfall.com/card/zen/243/,Zendikar,common,0.19,2009-10-02T00:00:00Z,2,near_mint
Mountain,en,https://scryfall.com/card/zen/244/,Zendikar,common,0.20,2009-10-02T00:00:00Z,4,near_mint
Mountain,en,https://scryfall.com/card/zen/245/,Zendikar,common,0.15,2009-10-02T00:00:00Z,4,near_mint
Mountain,en,https://scryfall.com/card/bfz/265/,Battle for Zendikar,common,0.16,2015-10-02T00:00:00Z,2,near_mint
Mountain,en,https://scryfall.com/card/bfz/266/,Battle for Zendikar,common,0.17,2015-10-02T00:00:00Z,2,near_mint
Mountain,en,https://scryfall.com/card/bfz/267/,Battle for Zendikar,common,0.15,2015-10-02T00:00:00Z,2,near_mint
Mountain,en,https://scryfall.com/card/bfz/268/,Battle for Zendikar,common,0.15,2015-10-02T00:00:00Z,2,near_mint
Mountain,en,https://scryfall.com/card/bfz/269/,Battle for Zendikar,common,0.10,2015-10-02T00:00:00Z,2,near_mint
Mountain,en,https://scryfall.com/card/znr/275/,Zendikar Rising,common,0.24,2020-09-25T00:00:00Z,2,near_mint
Mountain,en,https://scryfall.com/card/znr/276/,Zendikar Rising,common,0.14,2020-09-25T00:00:00Z,2,near_mint
Mountain,en,https://scryfall.com/card/znr/277/,Zendikar Rising,common,0.25,2020-09-25T00:00:00Z,2,near_mint
Plains,en,https://scryfall.com/card/zen/230/,Zendikar,common,0.20,2009-10-02T00:00:00Z,2,near_mint
Plains,en,https://scryfall.com/card/zen/231/,Zendikar,common,0.29,2009-10-02T00:00:00Z,2,near_mint
Plains,en,https://scryfall.com/card/zen/232/,Zendikar,common,0.15,2009-10-02T00:00:00Z,2,near_mint
Plains,en,https://scryfall.com/card/zen/233/,Zendikar,common,0.10,2009-10-02T00:00:00Z,2,near_mint
Plains,en,https://scryfall.com/card/bfz/250/,Battle for Zendikar,common,0.05,2015-10-02T00:00:00Z,3,near_mint
Plains,en,https://scryfall.com/card/bfz/251/,Battle for Zendikar,common,0.21,2015-10-02T00:00:00Z,3,near_mint
Plains,en,https://scryfall.com/card/bfz/252/,Battle for Zendikar,common,0.06,2015-10-02T00:00:00Z,3,near_mint
Plains,en,https://scryfall.com/card/bfz/253/,Battle for Zendikar,common,0.07,2015-10-02T00:00:00Z,3,near_mint
Plains,en,https://scryfall.com/card/bfz/254/,Battle for Zendikar,common,0.08,2015-10-02T00:00:00Z,3,near_mint
Plains,en,https://scryfall.com/card/znr/266/,Zendikar Rising,common,0.14,2020-09-25T00:00:00Z,2,near_mint
Plains,en,https://scryfall.com/card/znr/267/,Zendikar Rising,common,0.23,2020-09-25T00:00:00Z,2,near_mint
Plains,en,https://scryfall.com/card/znr/268/,Zendikar Rising,common,0.18,2020-09-25T00:00:00Z,3,near_mint
Swamp,en,https://scryfall.com/card/zen/238/,Zendikar,common,0.28,2009-10-02T00:00:00Z,2,near_mint
Swamp,en,https://scryfall.com/card/zen/239/,Zendikar,common,0.20,2009-10-02T00:00:00Z,2,near_mint
Swamp,en,https://scryfall.com/card/zen/240/,Zendikar,common,0.32,2009-10-02T00:00:00Z,2,near_mint
Swamp,en,https://scryfall.com/card/zen/241/,Zendikar,common,0.49,2009-10-02T00:00:00Z,3,near_mint
Swamp,en,https://scryfall.com/card/bfz/260/,Battle for Zendikar,common,0.06,2015-10-02T00:00:00Z,2,near_mint
Swamp,en,https://scryfall.com/card/bfz/261/,Battle for Zendikar,common,0.07,2015-10-02T00:00:00Z,2,near_mint
Swamp,en,https://scryfall.com/card/bfz/262/,Battle for Zendikar,common,0.11,2015-10-02T00:00:00Z,3,near_mint
Swamp,en,https://scryfall.com/card/bfz/263/,Battle for Zendikar,common,0.10,2015-10-02T00:00:00Z,4,near_mint
Swamp,en,https://scryfall.com/card/bfz/264/,Battle for Zendikar,common,0.10,2015-10-02T00:00:00Z,3,near_mint
Swamp,en,https://scryfall.com/card/znr/272/,Zendikar Rising,common,0.22,2020-09-25T00:00:00Z,3,near_mint
Swamp,en,https://scryfall.com/card/znr/273/,Zendikar Rising,common,0.23,2020-09-25T00:00:00Z,2,near_mint
Swamp,en,https://scryfall.com/card/znr/274/,Zendikar Rising,common,0.20,2020-09-25T00:00:00Z,2,near_mint
Plains,ja,https://scryfall.com/card/neo/293/ja/,Kamigawa: Neon Dynasty,common,1.03,2022-02-18T00:00:00Z,2,near_mint
Plains,ja,https://scryfall.com/card/neo/294/ja/,Kamigawa: Neon Dynasty,common,0.71,2022-02-18T00:00:00Z,1,near_mint
Island,ja,https://scryfall.com/card/neo/295/ja/,Kamigawa: Neon Dynasty,common,1.08,2022-02-18T00:00:00Z,2,near_mint
Island,ja,https://scryfall.com/card/neo/296/ja/,Kamigawa: Neon Dynasty,common,1.59,2022-02-18T00:00:00Z,8,near_mint
Swamp,ja,https://scryfall.com/card/neo/297/ja/,Kamigawa: Neon Dynasty,common,1.39,2022-02-18T00:00:00Z,3,near_mint
Swamp,ja,https://scryfall.com/card/neo/298/ja/,Kamigawa: Neon Dynasty,common,1.38,2022-02-18T00:00:00Z,2,near_mint
Mountain,ja,https://scryfall.com/card/neo/299/ja/,Kamigawa: Neon Dynasty,common,0.82,2022-02-18T00:00:00Z,3,near_mint
Mountain,ja,https://scryfall.com/card/neo/300/ja/,Kamigawa: Neon Dynasty,common,0.93,2022-02-18T00:00:00Z,1,near_mint
Forest,ja,https://scryfall.com/card/neo/301/ja/,Kamigawa: Neon Dynasty,common,0.68,2022-02-18T00:00:00Z,1,near_mint
Forest,ja,https://scryfall.com/card/neo/302/ja/,Kamigawa: Neon Dynasty,common,0.87,2022-02-18T00:00:00Z,1,near_mint
Plains,en,https://scryfall.com/card/usg/331/,Urza's Saga,common,0.39,1998-10-12T00:00:00Z,5,near_mint
Plains,en,https://scryfall.com/card/usg/332/,Urza's Saga,common,0.10,1998-10-12T00:00:00Z,5,near_mint
Plains,en,https://scryfall.com/card/usg/333/,Urza's Saga,common,0.39,1998-10-12T00:00:00Z,5,near_mint
Plains,en,https://scryfall.com/card/usg/334/,Urza's Saga,common,0.58,1998-10-12T00:00:00Z,5,near_mint
Swamp,en,https://scryfall.com/card/usg/339/,Urza's Saga,common,0.05,1998-10-12T00:00:00Z,5,near_mint
Swamp,en,https://scryfall.com/card/usg/340/,Urza's Saga,common,0.10,1998-10-12T00:00:00Z,5,near_mint
Swamp,en,https://scryfall.com/card/usg/341/,Urza's Saga,common,0.15,1998-10-12T00:00:00Z,5,near_mint
Swamp,en,https://scryfall.com/card/usg/342/,Urza's Saga,common,0.75,1998-10-12T00:00:00Z,5,near_mint
Mountain,en,https://scryfall.com/card/usg/343/,Urza's Saga,common,0.50,1998-10-12T00:00:00Z,5,near_mint
Mountain,en,https://scryfall.com/card/usg/344/,Urza's Saga,common,0.44,1998-10-12T00:00:00Z,5,near_mint
Mountain,en,https://scryfall.com/card/usg/345/,Urza's Saga,common,0.33,1998-10-12T00:00:00Z,5,near_mint
Mountain,en,https://scryfall.com/card/usg/346/,Urza's Saga,common,0.49,1998-10-12T00:00:00Z,5,near_mint
Forest,en,https://scryfall.com/card/usg/347/,Urza's Saga,common,0.15,1998-10-12T00:00:00Z,5,near_mint
Forest,en,https://scryfall.com/card/usg/348/,Urza's Saga,common,0.50,1998-10-12T00:00:00Z,5,near_mint
Forest,en,https://scryfall.com/card/usg/349/,Urza's Saga,common,0.10,1998-10-12T00:00:00Z,5,near_mint
Forest,en,https://scryfall.com/card/usg/350/,Urza's Saga,common,0.32,1998-10-12T00:00:00Z,5,near_mint
Massacre Girl,en,https://scryfall.com/card/war/99/,War of the Spark,rare,0.26,2019-05-03T00:00:00Z,4,near_mint
Murderous Rider // Swift End,en,https://scryfall.com/card/eld/97/,Throne of Eldraine,rare,1.80,2019-10-04T00:00:00Z,4,near_mint
Underworld Connections,en,https://scryfall.com/card/rtr/83/,Return to Ravnica,rare,0.33,2012-10-05T00:00:00Z,4,near_mint
"Davriel, Rogue Shadowmage",en,https://scryfall.com/card/war/83/,War of the Spark,uncommon,0.13,2019-05-03T00:00:00Z,4,near_mint
Necromentia,en,https://scryfall.com/card/m21/116/,Core Set 2021,rare,0.40,2020-07-03T00:00:00Z,4,near_mint
Shakedown Heavy,en,https://scryfall.com/card/snc/95/,Streets of New Capenna,rare,0.22,2022-04-29T00:00:00Z,4,near_mint
Delirium Skeins,en,https://scryfall.com/card/dis/41/,Dissension,common,0.15,2006-05-05T00:00:00Z,4,near_mint
Mind Rake,en,https://scryfall.com/card/mh1/96/,Modern Horizons,common,0.10,2019-06-14T00:00:00Z,4,near_mint
Bontu's Last Reckoning,en,https://scryfall.com/card/hou/60/,Hour of Devastation,rare,0.85,2017-07-14T00:00:00Z,4,near_mint
Callous Bloodmage,en,https://scryfall.com/card/stx/66/,Strixhaven: School of Mages,rare,0.13,2021-04-23T00:00:00Z,4,near_mint
Biting-Palm Ninja,en,https://scryfall.com/card/neo/88/,Kamigawa: Neon Dynasty,rare,0.24,2022-02-18T00:00:00Z,4,near_mint
Nighthawk Scavenger,en,https://scryfall.com/card/znr/115/,Zendikar Rising,rare,0.35,2020-09-25T00:00:00Z,4,near_mint
Logic Knot,en,https://scryfall.com/card/fut/52/,Future Sight,common,0.12,2007-05-04T00:00:00Z,4,near_mint
The Reality Chip,en,https://scryfall.com/card/neo/74/,Kamigawa: Neon Dynasty,rare,1.25,2022-02-18T00:00:00Z,4,near_mint
Mnemonic Sphere,en,https://scryfall.com/card/neo/64/,Kamigawa: Neon Dynasty,common,0.20,2022-02-18T00:00:00Z,4,near_mint
Thought Scour,en,https://scryfall.com/card/dka/52/,Dark Ascension,common,0.22,2012-02-03T00:00:00Z,4,near_mint
Consider,en,https://scryfall.com/card/mid/44/,Innistrad: Midnight Hunt,common,1.12,2021-09-24T00:00:00Z,4,near_mint
Ceremonious Rejection,en,https://scryfall.com/card/kld/40/,Kaladesh,uncommon,0.50,2016-09-30T00:00:00Z,4,near_mint
Blue Elemental Blast,en,https://scryfall.com/card/a25/43/,Masters 25,uncommon,0.34,2018-03-16T00:00:00Z,4,near_mint
Vapor Snag,en,https://scryfall.com/card/mm2/66/,Modern Masters 2015,common,0.75,2015-05-22T00:00:00Z,4,near_mint
Spell Pierce,en,https://scryfall.com/card/mm3/51/,Modern Masters 2017,common,0.20,2017-03-17T00:00:00Z,4,near_mint
Serum Visions,en,https://scryfall.com/card/5dn/36/,Fifth Dawn,common,0.56,2004-06-04T00:00:00Z,4,near_mint
Brainstorm,en,https://scryfall.com/card/mmq/61/,Mercadian Masques,common,1.14,1999-10-04T00:00:00Z,4,near_mint
Preordain,en,https://scryfall.com/card/m11/70/,Magic 2011,common,0.97,2010-07-16T00:00:00Z,4,near_mint
Ponder,en,https://scryfall.com/card/lrw/79/,Lorwyn,common,1.22,2007-10-12T00:00:00Z,4,near_mint
Opt,en,https://scryfall.com/card/xln/65/,Ixalan,common,0.06,2017-09-29T00:00:00Z,4,near_mint
Aether Gust,en,https://scryfall.com/card/m20/42/,Core Set 2020,uncommon,0.31,2019-07-12T00:00:00Z,4,near_mint
Discover the Impossible,en,https://scryfall.com/card/neo/50/,Kamigawa: Neon Dynasty,uncommon,0.48,2022-02-18T00:00:00Z,4,near_mint
Mystical Dispute,en,https://scryfall.com/card/eld/58/,Throne of Eldraine,uncommon,1.86,2019-10-04T00:00:00Z,4,near_mint
Even the Score,en,https://scryfall.com/card/snc/42/,Streets of New Capenna,mythic,0.74,2022-04-29T00:00:00Z,4,near_mint
Counterspell,en,https://scryfall.com/card/mh2/267/,Modern Horizons 2,uncommon,0.95,2021-06-18T00:00:00Z,4,near_mint
Negate,en,https://scryfall.com/card/znr/71/,Zendikar Rising,common,0.06,2020-09-25T00:00:00Z,4,near_mint
Dress Down,en,https://scryfall.com/card/mh2/39/,Modern Horizons 2,rare,1.80,2021-06-18T00:00:00Z,4,near_mint
Spreading Seas,en,https://scryfall.com/card/zen/70/,Zendikar,common,2.00,2009-10-02T00:00:00Z,4,near_mint
Fae of Wishes // Granted,en,https://scryfall.com/card/eld/44/,Throne of Eldraine,rare,0.19,2019-10-04T00:00:00Z,4,near_mint
"Narset, Parter of Veils",en,https://scryfall.com/card/war/61/,War of the Spark,uncommon,1.31,2019-05-03T00:00:00Z,4,near_mint
Wizard's Retort,en,https://scryfall.com/card/dom/75/,Dominaria,uncommon,0.12,2018-04-27T00:00:00Z,4,near_mint
Gifts Ungiven,en,https://scryfall.com/card/mm3/40/,Modern Masters 2017,rare,1.40,2017-03-17T00:00:00Z,4,near_mint
Memory Deluge,en,https://scryfall.com/card/mid/62/,Innistrad: Midnight Hunt,rare,1.65,2021-09-24T00:00:00Z,4,near_mint
Stormwing Entity,en,https://scryfall.com/card/m21/73/,Core Set 2021,rare,1.38,2020-07-03T00:00:00Z,4,near_mint
Into the Story,en,https://scryfall.com/card/eld/50/,Throne of Eldraine,uncommon,0.05,2019-10-04T00:00:00Z,4,near_mint
Treasure Cruise,en,https://scryfall.com/card/ktk/59/,Khans of Tarkir,common,0.06,2014-09-26T00:00:00Z,4,near_mint
Dig Through Time,en,https://scryfall.com/card/ktk/36/,Khans of Tarkir,rare,0.44,2014-09-26T00:00:00Z,4,near_mint
Bloodchief's Thirst,en,https://scryfall.com/card/znr/94/,Zendikar Rising,uncommon,0.16,2020-09-25T00:00:00Z,4,near_mint
Bone Shards,en,https://scryfall.com/card/mh2/76/,Modern Horizons 2,common,0.13,2021-06-18T00:00:00Z,4,near_mint
Shrieking Affliction,en,https://scryfall.com/card/rtr/76/,Return to Ravnica,uncommon,0.60,2012-10-05T00:00:00Z,4,near_mint
Raven's Crime,en,https://scryfall.com/card/mma/95/,Modern Masters,common,0.99,2013-06-07T00:00:00Z,4,near_mint
Cabal Therapy,en,https://scryfall.com/card/jud/62/,Judgment,uncommon,1.81,2002-05-27T00:00:00Z,4,excellent
Funeral Charm,en,https://scryfall.com/card/vis/61/,Visions,common,0.25,1997-02-03T00:00:00Z,4,excellent
Thieves' Guild Enforcer,en,https://scryfall.com/card/m21/125/,Core Set 2021,rare,0.59,2020-07-03T00:00:00Z,4,near_mint
Cling to Dust,en,https://scryfall.com/card/thb/87/,Theros Beyond Death,uncommon,0.22,2020-01-24T00:00:00Z,4,near_mint
Gifted Aetherborn,en,https://scryfall.com/card/aer/61/,Aether Revolt,uncommon,0.89,2017-01-20T00:00:00Z,4,near_mint
Virus Beetle,en,https://scryfall.com/card/neo/128/,Kamigawa: Neon Dynasty,common,0.09,2022-02-18T00:00:00Z,4,near_mint
Night's Whisper,es,https://scryfall.com/card/5dn/55/es/,Fifth Dawn,uncommon,1.99,2004-06-04T00:00:00Z,2,near_mint
Night's Whisper,es,https://scryfall.com/card/5dn/55/es/,Fifth Dawn,uncommon,1.99,2004-06-04T00:00:00Z,2,excellent
Sign in Blood,en,https://scryfall.com/card/mm2/97/,Modern Masters 2015,common,0.59,2015-05-22T00:00:00Z,4,near_mint
Profane Tutor,en,https://scryfall.com/card/mh2/97/,Modern Horizons 2,rare,1.75,2021-06-18T00:00:00Z,4,near_mint
Smallpox,en,https://scryfall.com/card/tsr/139/,Time Spiral Remastered,uncommon,0.10,2021-03-19T00:00:00Z,4,near_mint
Damn,en,https://scryfall.com/card/mh2/80/,Modern Horizons 2,rare,1.90,2021-06-18T00:00:00Z,4,near_mint
Break the Ice,en,https://scryfall.com/card/mh2/77/,Modern Horizons 2,uncommon,0.05,2021-06-18T00:00:00Z,4,near_mint
Wrench Mind,en,https://scryfall.com/card/mrd/84/,Mirrodin,common,0.12,2003-10-02T00:00:00Z,4,near_mint
Feed the Swarm,en,https://scryfall.com/card/znr/102/,Zendikar Rising,common,0.23,2020-09-25T00:00:00Z,4,near_mint
Tenacious Underdog,en,https://scryfall.com/card/snc/97/,Streets of New Capenna,rare,1.18,2022-04-29T00:00:00Z,4,near_mint
Graveyard Trespasser // Graveyard Glutton,en,https://scryfall.com/card/mid/104/,Innistrad: Midnight Hunt,rare,0.69,2021-09-24T00:00:00Z,4,near_mint
Plague Engineer,en,https://scryfall.com/card/mh1/100/,Modern Horizons,rare,1.82,2019-06-14T00:00:00Z,4,near_mint
Unburial Rites,en,https://scryfall.com/card/isd/122/,Innistrad,uncommon,0.23,2011-09-30T00:00:00Z,4,near_mint
Street Wraith,en,https://scryfall.com/card/a25/108/,Masters 25,uncommon,1.57,2018-03-16T00:00:00Z,4,near_mint
Murderous Cut,en,https://scryfall.com/card/ktk/81/,Khans of Tarkir,uncommon,0.23,2014-09-26T00:00:00Z,4,near_mint
Gurmag Angler,en,https://scryfall.com/card/uma/102/,Ultimate Masters,common,0.11,2018-12-07T00:00:00Z,4,near_mint
Unholy Heat,en,https://scryfall.com/card/mh2/145/,Modern Horizons 2,common,0.19,2021-06-18T00:00:00Z,4,near_mint
Chandra's Defeat,en,https://scryfall.com/card/hou/86/,Hour of Devastation,uncommon,0.04,2017-07-14T00:00:00Z,4,near_mint
Flame-Blessed Bolt,en,https://scryfall.com/card/vow/158/,Innistrad: Crimson Vow,common,0.04,2021-11-19T00:00:00Z,4,near_mint
Monastery Swiftspear,en,https://scryfall.com/card/ktk/118/,Khans of Tarkir,uncommon,1.25,2014-09-26T00:00:00Z,4,near_mint
Soul-Scar Mage,en,https://scryfall.com/card/akh/148/,Amonkhet,rare,1.66,2017-04-28T00:00:00Z,4,near_mint
Fervent Champion,en,https://scryfall.com/card/eld/124/,Throne of Eldraine,rare,0.41,2019-10-04T00:00:00Z,4,near_mint
Lava Spike,en,https://scryfall.com/card/chk/178/,Champions of Kamigawa,common,1.42,2004-10-01T00:00:00Z,4,near_mint
Dragonmaster Outcast,en,https://scryfall.com/card/bfz/144/,Battle for Zendikar,mythic,1.77,2015-10-02T00:00:00Z,4,near_mint
Lava Dart,en,https://scryfall.com/card/mh1/134/,Modern Horizons,common,0.13,2019-06-14T00:00:00Z,4,near_mint
Unlucky Witness,en,https://scryfall.com/card/snc/128/,Streets of New Capenna,uncommon,0.14,2022-04-29T00:00:00Z,4,near_mint
Smoldering Egg // Ashmouth Dragon,en,https://scryfall.com/card/mid/159/,Innistrad: Midnight Hunt,rare,2.49,2021-09-24T00:00:00Z,4,near_mint
Ogre-Head Helm,en,https://scryfall.com/card/neo/155/,Kamigawa: Neon Dynasty,rare,0.08,2022-02-18T00:00:00Z,4,near_mint
Lava Coil,en,https://scryfall.com/card/grn/108/,Guilds of Ravnica,uncommon,0.25,2018-10-05T00:00:00Z,4,near_mint
Goblin Bombardment,en,https://scryfall.com/card/mh2/279/,Modern Horizons 2,rare,0.63,2021-06-18T00:00:00Z,4,near_mint
Runaway Steam-Kin,en,https://scryfall.com/card/grn/115/,Guilds of Ravnica,rare,0.18,2018-10-05T00:00:00Z,4,near_mint
Fry,en,https://scryfall.com/card/m20/140/,Core Set 2020,uncommon,0.15,2019-07-12T00:00:00Z,4,near_mint
Abrade,en,https://scryfall.com/card/2xm/114/,Double Masters,common,0.10,2020-08-07T00:00:00Z,4,near_mint
Temur Battle Rage,en,https://scryfall.com/card/2xm/146/,Double Masters,common,0.13,2020-08-07T00:00:00Z,4,near_mint
Light Up the Stage,en,https://scryfall.com/card/rna/107/,Ravnica Allegiance,uncommon,0.13,2019-01-25T00:00:00Z,4,near_mint
Wizard's Lightning,en,https://scryfall.com/card/dom/152/,Dominaria,uncommon,0.16,2018-04-27T00:00:00Z,4,near_mint
"Squee, Goblin Nabob",en,https://scryfall.com/card/uma/150/,Ultimate Masters,rare,0.80,2018-12-07T00:00:00Z,4,near_mint
Goblin Dark-Dwellers,en,https://scryfall.com/card/ogw/110/,Oath of the Gatewatch,rare,0.10,2016-01-22T00:00:00Z,4,near_mint
Obsidian Charmaw,en,https://scryfall.com/card/mh2/137/,Modern Horizons 2,rare,0.24,2021-06-18T00:00:00Z,4,near_mint
Arbor Elf,en,https://scryfall.com/card/a25/160/,Masters 25,common,0.67,2018-03-16T00:00:00Z,4,near_mint
Wild Nacatl,en,https://scryfall.com/card/mb1/1373/,Mystery Booster,common,0.49,2019-11-07T00:00:00Z,4,near_mint
Traverse the Ulvenwald,en,https://scryfall.com/card/soi/234/,Shadows over Innistrad,rare,1.57,2016-04-08T00:00:00Z,4,near_mint
Explore,en,https://scryfall.com/card/mm3/125/,Modern Masters 2017,common,0.20,2017-03-17T00:00:00Z,4,near_mint
Scavenging Ooze,en,https://scryfall.com/card/m21/204/,Core Set 2021,rare,0.60,2020-07-03T00:00:00Z,4,near_mint
Satyr Wayfinder,en,https://scryfall.com/card/bng/136/,Born of the Gods,common,0.10,2014-02-07T00:00:00Z,4,near_mint
Courser of Kruphix,en,https://scryfall.com/card/bng/119/,Born of the Gods,rare,2.45,2014-02-07T00:00:00Z,4,near_mint
Eternal Witness,en,https://scryfall.com/card/5dn/86/,Fifth Dawn,uncommon,1.43,2004-06-04T00:00:00Z,4,near_mint
Wilderness Reclamation,en,https://scryfall.com/card/rna/149/,Ravnica Allegiance,uncommon,1.12,2019-01-25T00:00:00Z,4,near_mint
Thragtusk,en,https://scryfall.com/card/2xm/183/,Double Masters,rare,0.40,2020-08-07T00:00:00Z,4,near_mint
Giant Killer // Chop Down,en,https://scryfall.com/card/eld/14/,Throne of Eldraine,rare,0.27,2019-10-04T00:00:00Z,4,near_mint
Blossoming Calm,en,https://scryfall.com/card/mh2/7/,Modern Horizons 2,uncommon,0.04,2021-06-18T00:00:00Z,4,near_mint
Prismatic Ending,en,https://scryfall.com/card/mh2/25/,Modern Horizons 2,uncommon,1.38,2021-06-18T00:00:00Z,4,near_mint
Path to Exile,en,https://scryfall.com/card/mma/25/,Modern Masters,uncommon,2.95,2013-06-07T00:00:00Z,4,near_mint
Burrenton Forge-Tender,en,https://scryfall.com/card/lrw/7/,Lorwyn,uncommon,0.61,2007-10-12T00:00:00Z,4,near_mint
Silence,en,https://scryfall.com/card/m11/30/,Magic 2011,rare,3.18,2010-07-16T00:00:00Z,4,near_mint
Spirit of the Labyrinth,en,https://scryfall.com/card/bng/27/,Born of the Gods,rare,1.83,2014-02-07T00:00:00Z,4,near_mint
"Thalia, Guardian of Thraben",en,https://scryfall.com/card/dka/24/,Dark Ascension,rare,2.20,2012-02-03T00:00:00Z,4,near_mint
Wall of Omens,en,https://scryfall.com/card/ema/34/,Eternal Masters,uncommon,1.00,2016-06-10T00:00:00Z,4,near_mint
Squadron Hawk,en,https://scryfall.com/card/m11/33/,Magic 2011,common,0.28,2010-07-16T00:00:00Z,4,near_mint
Spirited Companion,en,https://scryfall.com/card/neo/38/,Kamigawa: Neon Dynasty,common,0.06,2022-02-18T00:00:00Z,4,near_mint
Maul of the Skyclaves,en,https://scryfall.com/card/znr/27/,Zendikar Rising,rare,0.21,2020-09-25T00:00:00Z,4,near_mint
Flickerwisp,en,https://scryfall.com/card/2xm/16/,Double Masters,uncommon,0.10,2020-08-07T00:00:00Z,4,near_mint
Skyclave Apparition,en,https://scryfall.com/card/znr/39/,Zendikar Rising,rare,2.92,2020-09-25T00:00:00Z,4,near_mint
Blade Splicer,en,https://scryfall.com/card/2xm/9/,Double Masters,rare,0.10,2020-08-07T00:00:00Z,4,near_mint
Timeless Dragon,en,https://scryfall.com/card/mh2/35/,Modern Horizons 2,rare,0.15,2021-06-18T00:00:00Z,4,near_mint
Tormod's Crypt,en,https://scryfall.com/card/m21/241/,Core Set 2021,uncommon,0.38,2020-07-03T00:00:00Z,3,near_mint
Tormod's Crypt,en,https://scryfall.com/card/chr/109/,Chronicles,common,0.81,1995-07-01T00:00:00Z,1,near_mint
Expedition Map,en,https://scryfall.com/card/2xm/255/,Double Masters,common,0.99,2020-08-07T00:00:00Z,4,near_mint
Bomat Courier,en,https://scryfall.com/card/kld/199/,Kaladesh,rare,0.21,2016-09-30T00:00:00Z,4,near_mint
The Rack,en,https://scryfall.com/card/3ed/278/,Revised Edition,uncommon,0.92,1994-04-01T00:00:00Z,3,near_mint
The Rack,en,https://scryfall.com/card/4ed/352/,Fourth Edition,uncommon,0.82,1995-04-01T00:00:00Z,1,near_mint
Pyrite Spellbomb,en,https://scryfall.com/card/2xm/283/,Double Masters,common,0.08,2020-08-07T00:00:00Z,4,near_mint
Hex Parasite,en,https://scryfall.com/card/nph/137/,New Phyrexia,rare,1.34,2011-05-13T00:00:00Z,4,near_mint
Nihil Spellbomb,en,https://scryfall.com/card/som/187/,Scars of Mirrodin,common,0.59,2010-10-01T00:00:00Z,4,near_mint
Soul-Guide Lantern,en,https://scryfall.com/card/thb/237/,Theros Beyond Death,uncommon,2.24,2020-01-24T00:00:00Z,4,near_mint
Relic of Progenitus,en,https://scryfall.com/card/ema/231/,Eternal Masters,uncommon,6.49,2016-06-10T00:00:00Z,4,near_mint
Skullclamp,en,https://scryfall.com/card/dst/140/,Darksteel,uncommon,4.67,2004-02-06T00:00:00Z,4,near_mint
Brainstone,en,https://scryfall.com/card/mh2/223/,Modern Horizons 2,uncommon,0.15,2021-06-18T00:00:00Z,1,near_mint
Ratchet Bomb,en,https://scryfall.com/card/m14/215/,Magic 2014,rare,0.82,2013-07-19T00:00:00Z,2,near_mint
Ratchet Bomb,en,https://scryfall.com/card/2xm/284/,Double Masters,rare,0.80,2020-08-07T00:00:00Z,1,near_mint
Ratchet Bomb,en,https://scryfall.com/card/som/196/,Scars of Mirrodin,rare,0.25,2010-10-01T00:00:00Z,1,near_mint
Damping Sphere,en,https://scryfall.com/card/dom/213/,Dominaria,uncommon,1.61,2018-04-27T00:00:00Z,4,near_mint
Trepanation Blade,en,https://scryfall.com/card/isd/235/,Innistrad,uncommon,0.18,2011-09-30T00:00:00Z,4,near_mint
Oblivion Stone,en,https://scryfall.com/card/mrd/222/,Mirrodin,rare,2.00,2003-10-02T00:00:00Z,4,excellent
Solemn Simulacrum,en,https://scryfall.com/card/mrd/245/,Mirrodin,rare,1.15,2003-10-02T00:00:00Z,4,near_mint
Bojuka Bog,en,https://scryfall.com/card/wwk/132/,Worldwake,common,1.59,2010-02-05T00:00:00Z,4,near_mint
Lavaclaw Reaches,en,https://scryfall.com/card/wwk/139/,Worldwake,rare,0.55,2010-02-05T00:00:00Z,4,near_mint
Raging Ravine,en,https://scryfall.com/card/wwk/141/,Worldwake,rare,0.71,2010-02-05T00:00:00Z,4,near_mint
Creeping Tar Pit,en,https://scryfall.com/card/wwk/134/,Worldwake,rare,1.99,2010-02-05T00:00:00Z,4,near_mint
Stirring Wildwood,en,https://scryfall.com/card/wwk/144/,Worldwake,rare,0.72,2010-02-05T00:00:00Z,4,near_mint
Hissing Quagmire,en,https://scryfall.com/card/ogw/171/,Oath of the Gatewatch,rare,0.78,2016-01-22T00:00:00Z,4,near_mint
Needle Spires,en,https://scryfall.com/card/ogw/175/,Oath of the Gatewatch,rare,0.43,2016-01-22T00:00:00Z,4,near_mint
Wandering Fumarole,en,https://scryfall.com/card/ogw/182/,Oath of the Gatewatch,rare,0.67,2016-01-22T00:00:00Z,4,near_mint
Shambling Vent,en,https://scryfall.com/card/bfz/244/,Battle for Zendikar,rare,0.56,2015-10-02T00:00:00Z,4,near_mint
Lumbering Falls,en,https://scryfall.com/card/bfz/239/,Battle for Zendikar,rare,0.28,2015-10-02T00:00:00Z,4,near_mint
Golgari Rot Farm,en,https://scryfall.com/card/rav/278/,Ravnica: City of Guilds,common,0.18,2005-10-07T00:00:00Z,1,near_mint
Barren Moor,en,https://scryfall.com/card/mh1/236/,Modern Horizons,uncommon,0.10,2019-06-14T00:00:00Z,4,near_mint
Forgotten Cave,en,https://scryfall.com/card/mh1/239/,Modern Horizons,uncommon,0.07,2019-06-14T00:00:00Z,4,near_mint
Secluded Steppe,en,https://scryfall.com/card/mh1/245/,Modern Horizons,uncommon,0.10,2019-06-14T00:00:00Z,4,near_mint
Lonely Sandbar,en,https://scryfall.com/card/mh1/242/,Modern Horizons,uncommon,0.14,2019-06-14T00:00:00Z,4,near_mint
Tranquil Thicket,en,https://scryfall.com/card/mh1/248/,Modern Horizons,uncommon,0.06,2019-06-14T00:00:00Z,4,near_mint
Shivan Reef,en,https://scryfall.com/card/c20/310/,Commander 2020,rare,1.83,2020-04-17T00:00:00Z,4,near_mint
Treetop Village,en,https://scryfall.com/card/ulg/143/,Urza's Legacy,uncommon,1.00,1999-02-15T00:00:00Z,4,near_mint
Absorb,en,https://scryfall.com/card/rna/151/,Ravnica Allegiance,rare,0.56,2019-01-25T00:00:00Z,4,near_mint
Daze,en,https://scryfall.com/card/nem/30/,Nemesis,common,1.59,2000-02-14T00:00:00Z,4,excellent
Mother of Runes,en,https://scryfall.com/card/ulg/14/,Urza's Legacy,uncommon,5.72,1999-02-15T00:00:00Z,4,near_mint
Grim Lavamancer,en,https://scryfall.com/card/2xm/129/,Double Masters,rare,0.50,2020-08-07T00:00:00Z,4,near_mint
Blastoderm,en,https://scryfall.com/card/nem/102/,Nemesis,common,0.15,2000-02-14T00:00:00Z,4,excellent
Ball Lightning,es,https://scryfall.com/card/4ed/176/es/,Fourth Edition,rare,3.00,1995-04-01T00:00:00Z,2,excellent
Ball Lightning,en,https://scryfall.com/card/5ed/210/,Fifth Edition,rare,3.00,1997-03-24T00:00:00Z,1,excellent
Ball Lightning,pt,https://scryfall.com/card/4bb/176/pt/,Fourth Edition Foreign Black Border,rare,,1995-04-01T00:00:00Z,1,excellent
Sol Ring,en,https://scryfall.com/card/3ed/274/,Revised Edition,uncommon,5.95,1994-04-01T00:00:00Z,1,near_mint
Death Grasp,es,https://scryfall.com/card/apc/95/es/,Apocalypse,rare,0.29,2001-06-04T00:00:00Z,3,excellent
Phyrexian Arena,en,https://scryfall.com/card/apc/47/,Apocalypse,rare,8.94,2001-06-04T00:00:00Z,1,near_mint
Blue Elemental Blast,en,https://scryfall.com/card/3ed/49/,Revised Edition,common,0.41,1994-04-01T00:00:00Z,2,excellent
Blue Elemental Blast,en,https://scryfall.com/card/4ed/63/,Fourth Edition,common,0.27,1995-04-01T00:00:00Z,2,near_mint
Gaea's Blessing,en,https://scryfall.com/card/ema/168/,Eternal Masters,uncommon,0.15,2016-06-10T00:00:00Z,4,near_mint
Wall of Roots,en,https://scryfall.com/card/tsb/89/,Time Spiral Timeshifted,special,0.25,2006-10-06T00:00:00Z,4,near_mint
Yavimaya Elder,en,https://scryfall.com/card/uds/124/,Urza's Destiny,common,0.34,1999-06-07T00:00:00Z,4,near_mint
Bottomless Pit,en,https://scryfall.com/card/sth/51/,Stronghold,uncommon,1.89,1998-03-02T00:00:00Z,4,near_mint
Icy Manipulator,en,https://scryfall.com/card/mrd/186/,Mirrodin,uncommon,0.12,2003-10-02T00:00:00Z,1,near_mint
Seal of Cleansing,en,https://scryfall.com/card/nem/18/,Nemesis,common,0.17,2000-02-14T00:00:00Z,1,near_mint
Seal of Cleansing,en,https://scryfall.com/card/mh2/264/,Modern Horizons 2,uncommon,0.10,2021-06-18T00:00:00Z,4,near_mint
Mesmeric Fiend,es,https://scryfall.com/card/tor/69/es/,Torment,common,0.42,2002-02-04T00:00:00Z,1,near_mint
Coercion,es,https://scryfall.com/card/8ed/122/es/,Eighth Edition,common,0.02,2003-07-28T00:00:00Z,2,near_mint
Coercion,es,https://scryfall.com/card/tmp/113/es/,Tempest,common,0.45,1997-10-14T00:00:00Z,2,near_mint
Faceless Butcher,es,https://scryfall.com/card/tor/60/es/,Torment,common,0.05,2002-02-04T00:00:00Z,4,near_mint
Terror,es,https://scryfall.com/card/mrd/79/es/,Mirrodin,common,0.10,2003-10-02T00:00:00Z,3,near_mint
Terror,en,https://scryfall.com/card/mrd/79/,Mirrodin,common,0.10,2003-10-02T00:00:00Z,1,near_mint
Corrupt,en,https://scryfall.com/card/m14/91/,Magic 2014,uncommon,0.09,2013-07-19T00:00:00Z,3,near_mint
Corrupt,es,https://scryfall.com/card/7ed/124/es/,Seventh Edition,common,0.05,2001-04-11T00:00:00Z,2,played
Knight of Stromgald,en,https://scryfall.com/card/ath/26/,Anthologies,uncommon,0.25,1998-11-01T00:00:00Z,1,excellent
Knight of Stromgald,en,https://scryfall.com/card/ice/138/,Ice Age,uncommon,0.10,1995-06-03T00:00:00Z,1,good
Black Knight,en,https://scryfall.com/card/3ed/95/,Revised Edition,uncommon,0.99,1994-04-01T00:00:00Z,1,near_mint
Black Knight,en,https://scryfall.com/card/4ed/121/,Fourth Edition,uncommon,0.15,1995-04-01T00:00:00Z,3,near_mint
Mind Sludge,es,https://scryfall.com/card/8ed/146/es/,Eighth Edition,uncommon,0.04,2003-07-28T00:00:00Z,1,light_played
Mind Sludge,es,https://scryfall.com/card/tor/70/es/,Torment,uncommon,0.02,2002-02-04T00:00:00Z,1,excellent
Phyrexian Scuta,en,https://scryfall.com/card/pls/51/,Planeshift,rare,0.83,2001-02-05T00:00:00Z,1,near_mint
Phyrexian Scuta,es,https://scryfall.com/card/pls/51/es/,Planeshift,rare,0.83,2001-02-05T00:00:00Z,1,near_mint
Phyrexian Scuta,ja,https://scryfall.com/card/pls/51/ja/,Planeshift,rare,0.83,2001-02-05T00:00:00Z,1,near_mint
Phyrexian Scuta,zhs,https://scryfall.com/card/pls/51/zhs/,Planeshift,rare,0.83,2001-02-05T00:00:00Z,1,near_mint
Grinning Demon,es,https://scryfall.com/card/ons/153/es/,Onslaught,rare,0.37,2002-10-07T00:00:00Z,1,played
Grinning Demon,en,https://scryfall.com/card/ons/153/,Onslaught,rare,0.37,2002-10-07T00:00:00Z,3,near_mint
Nether Spirit,en,https://scryfall.com/card/mmq/149/,Mercadian Masques,rare,0.99,1999-10-04T00:00:00Z,3,near_mint
Nether Spirit,es,https://scryfall.com/card/mmq/149/es/,Mercadian Masques,rare,0.99,1999-10-04T00:00:00Z,1,excellent
Nether Spirit,en,https://scryfall.com/card/mmq/149/,Mercadian Masques,rare,0.99,1999-10-04T00:00:00Z,1,good
Plague Sliver,es,https://scryfall.com/card/tsp/124/es/,Time Spiral,rare,0.75,2006-10-06T00:00:00Z,4,near_mint
Diabolic Tutor,es,https://scryfall.com/card/8ed/128/es/,Eighth Edition,uncommon,0.18,2003-07-28T00:00:00Z,4,near_mint
Nightmare,en,https://scryfall.com/card/8ed/150/,Eighth Edition,rare,0.05,2003-07-28T00:00:00Z,3,near_mint
Skeletal Scrying,es,https://scryfall.com/card/ody/161/es/,Odyssey,uncommon,0.46,2001-10-01T00:00:00Z,1,near_mint
Skeletal Scrying,en,https://scryfall.com/card/ody/161/,Odyssey,uncommon,0.46,2001-10-01T00:00:00Z,2,near_mint
Skeletal Scrying,zhs,https://scryfall.com/card/ody/161/zhs/,Odyssey,uncommon,0.46,2001-10-01T00:00:00Z,1,near_mint
Ravenous Rats,es,https://scryfall.com/card/8ed/158/es/,Eighth Edition,common,0.02,2003-07-28T00:00:00Z,4,near_mint
Mutilate,en,https://scryfall.com/card/tor/73/,Torment,rare,2.19,2002-02-04T00:00:00Z,1,excellent
Mutilate,en,https://scryfall.com/card/tor/73/,Torment,rare,2.19,2002-02-04T00:00:00Z,1,light_played
Mutilate,es,https://scryfall.com/card/tor/73/es/,Torment,rare,2.19,2002-02-04T00:00:00Z,1,excellent
Mutilate,es,https://scryfall.com/card/tor/73/es/,Torment,rare,2.19,2002-02-04T00:00:00Z,1,near_mint
Chainer's Edict,en,https://scryfall.com/card/tor/57/,Torment,uncommon,2.87,2002-02-04T00:00:00Z,1,good
Chainer's Edict,es,https://scryfall.com/card/tor/57/es/,Torment,uncommon,2.87,2002-02-04T00:00:00Z,1,excellent
Chainer's Edict,es,https://scryfall.com/card/tor/57/es/,Torment,uncommon,2.87,2002-02-04T00:00:00Z,2,good
Forbid,en,https://scryfall.com/card/exo/35/,Exodus,uncommon,1.60,1998-06-15T00:00:00Z,3,near_mint
Forbid,es,https://scryfall.com/card/exo/35/es/,Exodus,uncommon,1.60,1998-06-15T00:00:00Z,1,near_mint
Seal of Fire,en,https://scryfall.com/card/dis/71/,Dissension,common,0.15,2006-05-05T00:00:00Z,2,near_mint
Seal of Fire,en,https://scryfall.com/card/dis/71/,Dissension,common,0.15,2006-05-05T00:00:00Z,1,good
Seal of Fire,es,https://scryfall.com/card/dis/71/es/,Dissension,common,0.15,2006-05-05T00:00:00Z,1,near_mint
Firebolt,en,https://scryfall.com/card/mh1/122/,Modern Horizons,uncommon,0.06,2019-06-14T00:00:00Z,4,near_mint
Chill,en,https://scryfall.com/card/tmp/56/,Tempest,uncommon,0.96,1997-10-14T00:00:00Z,4,near_mint
Careful Study,en,https://scryfall.com/card/ody/70/,Odyssey,common,0.37,2001-10-01T00:00:00Z,4,near_mint
Unsummon,en,https://scryfall.com/card/leb/87/,Limited Edition Beta,common,13.00,1993-10-04T00:00:00Z,2,excellent
Unsummon,en,https://scryfall.com/card/leb/87/,Limited Edition Beta,common,13.00,1993-10-04T00:00:00Z,2,good
Nevinyrral's Disk,en,https://scryfall.com/card/4ed/338/,Fourth Edition,rare,2.70,1995-04-01T00:00:00Z,3,near_mint
Nevinyrral's Disk,en,https://scryfall.com/card/4ed/338/,Fourth Edition,rare,2.70,1995-04-01T00:00:00Z,1,excellent
Avalanche Riders,en,https://scryfall.com/card/ulg/74/,Urza's Legacy,uncommon,0.55,1999-02-15T00:00:00Z,4,near_mint
Consume Spirit,es,https://scryfall.com/card/mrd/60/es/,Mirrodin,common,0.05,2003-10-02T00:00:00Z,4,good
Contagion,en,https://scryfall.com/card/all/45/,Alliances,uncommon,0.50,1996-06-10T00:00:00Z,4,near_mint
Megrim,en,https://scryfall.com/card/sth/62/,Stronghold,uncommon,0.23,1998-03-02T00:00:00Z,1,near_mint
Megrim,en,https://scryfall.com/card/sth/62/,Stronghold,uncommon,0.23,1998-03-02T00:00:00Z,1,excellent
Megrim,es,https://scryfall.com/card/sth/62/es/,Stronghold,uncommon,0.23,1998-03-02T00:00:00Z,1,good
Megrim,es,https://scryfall.com/card/sth/62/es/,Stronghold,uncommon,0.23,1998-03-02T00:00:00Z,1,light_played
Wall of Souls,en,https://scryfall.com/card/sth/75/,Stronghold,uncommon,0.53,1998-03-02T00:00:00Z,4,near_mint
Rancor,en,https://scryfall.com/card/ulg/110/,Urza's Legacy,common,0.91,1999-02-15T00:00:00Z,4,near_mint
Silklash Spider,en,https://scryfall.com/card/ons/281/,Onslaught,rare,0.10,2002-10-07T00:00:00Z,1,near_mint
Energy Flux,en,https://scryfall.com/card/mmq/78/,Mercadian Masques,uncommon,0.17,1999-10-04T00:00:00Z,3,near_mint
Energy Flux,es,https://scryfall.com/card/mmq/78/es/,Mercadian Masques,uncommon,0.17,1999-10-04T00:00:00Z,1,excellent
Pyroclasm,en,https://scryfall.com/card/a25/146/,Masters 25,uncommon,0.39,2018-03-16T00:00:00Z,4,near_mint
Phyrexian Arena,en,https://scryfall.com/card/apc/47/,Apocalypse,rare,8.94,2001-06-04T00:00:00Z,1,light_played
Phyrexian Arena,es,https://scryfall.com/card/apc/47/es/,Apocalypse,rare,8.94,2001-06-04T00:00:00Z,2,excellent
Gerrard's Verdict,en,https://scryfall.com/card/apc/102/,Apocalypse,uncommon,0.30,2001-06-04T00:00:00Z,4,near_mint
Tainted Field,en,https://scryfall.com/card/tor/140/,Torment,uncommon,0.45,2002-02-04T00:00:00Z,4,near_mint
Exalted Angel,es,https://scryfall.com/card/ons/28/es/,Onslaught,rare,7.00,2002-10-07T00:00:00Z,3,near_mint
Dark Ritual,en,https://scryfall.com/card/tmp/118/,Tempest,common,0.31,1997-10-14T00:00:00Z,4,near_mint
Swords to Plowshares,en,https://scryfall.com/card/3ed/41/,Revised Edition,uncommon,2.50,1994-04-01T00:00:00Z,4,near_mint
Caves of Koilos,en,https://scryfall.com/card/apc/140/,Apocalypse,rare,5.10,2001-06-04T00:00:00Z,1,near_mint
Caves of Koilos,fr,https://scryfall.com/card/apc/140/fr/,Apocalypse,rare,5.10,2001-06-04T00:00:00Z,3,near_mint
Hypnotic Specter,en,https://scryfall.com/card/3ed/115/,Revised Edition,uncommon,2.70,1994-04-01T00:00:00Z,2,light_played
Hypnotic Specter,en,https://scryfall.com/card/3ed/115/,Revised Edition,uncommon,2.70,1994-04-01T00:00:00Z,1,excellent
Hypnotic Specter,en,https://scryfall.com/card/4ed/142/,Fourth Edition,uncommon,0.93,1995-04-01T00:00:00Z,1,excellent
Nantuko Shade,en,https://scryfall.com/card/tor/74/,Torment,rare,1.41,2002-02-04T00:00:00Z,4,excellent
Vindicate,en,https://scryfall.com/card/apc/126/,Apocalypse,rare,6.92,2001-06-04T00:00:00Z,3,excellent
Vindicate,es,https://scryfall.com/card/apc/126/es/,Apocalypse,rare,6.92,2001-06-04T00:00:00Z,1,excellent
Spectral Lynx,es,https://scryfall.com/card/apc/17/es/,Apocalypse,rare,0.57,2001-06-04T00:00:00Z,3,excellent
Spectral Lynx,en,https://scryfall.com/card/apc/17/,Apocalypse,rare,0.57,2001-06-04T00:00:00Z,1,near_mint
Exalted Angel,pt,https://scryfall.com/card/ons/28/pt/,Onslaught,rare,7.00,2002-10-07T00:00:00Z,1,near_mint
Wrath of God,en,https://scryfall.com/card/8ed/58/,Eighth Edition,rare,2.95,2003-07-28T00:00:00Z,3,near_mint
Wrath of God,es,https://scryfall.com/card/9ed/56/es/,Ninth Edition,rare,2.99,2005-07-29T00:00:00Z,3,near_mint
Duress,en,https://scryfall.com/card/usg/132/,Urza's Saga,common,1.08,1998-10-12T00:00:00Z,3,excellent
Duress,en,https://scryfall.com/card/usg/132/,Urza's Saga,common,1.08,1998-10-12T00:00:00Z,1,good
Wasteland,en,https://scryfall.com/card/tmp/330/,Tempest,uncommon,23.99,1997-10-14T00:00:00Z,4,near_mint
Absolute Law,en,https://scryfall.com/card/usg/2/,Urza's Saga,uncommon,0.27,1998-10-12T00:00:00Z,4,near_mint
Disenchant,en,https://scryfall.com/card/3ed/17/,Revised Edition,common,0.60,1994-04-01T00:00:00Z,4,near_mint
Withered Wretch,es,https://scryfall.com/card/lgn/86/es/,Legions,uncommon,0.38,2003-02-03T00:00:00Z,4,good
Diabolic Edict,en,https://scryfall.com/card/tmp/128/,Tempest,common,0.55,1997-10-14T00:00:00Z,4,good
Engineered Plague,en,https://scryfall.com/card/ulg/51/,Urza's Legacy,uncommon,0.14,1999-02-15T00:00:00Z,1,excellent
Engineered Plague,es,https://scryfall.com/card/7ed/133/es/,Seventh Edition,uncommon,0.77,2001-04-11T00:00:00Z,2,light_played
Rain of Tears,en,https://scryfall.com/card/tmp/149/,Tempest,uncommon,0.32,1997-10-14T00:00:00Z,4,excellent
Icequake,en,https://scryfall.com/card/ice/134/,Ice Age,uncommon,1.76,1995-06-03T00:00:00Z,4,light_played
"Braids, Cabal Minion",en,https://scryfall.com/card/ody/117/,Odyssey,rare,1.34,2001-10-01T00:00:00Z,4,near_mint
Infest,en,https://scryfall.com/card/ons/157/,Onslaught,uncommon,0.17,2002-10-07T00:00:00Z,1,near_mint
Infest,es,https://scryfall.com/card/ons/157/es/,Onslaught,uncommon,0.17,2002-10-07T00:00:00Z,2,near_mint
Haunting Echoes,en,https://scryfall.com/card/ody/142/,Odyssey,rare,0.80,2001-10-01T00:00:00Z,3,excellent
Rancid Earth,es,https://scryfall.com/card/tor/78/es/,Torment,common,0.30,2002-02-04T00:00:00Z,3,excellent
Rancid Earth,en,https://scryfall.com/card/tor/78/,Torment,common,0.30,2002-02-04T00:00:00Z,1,excellent
Smother,es,https://scryfall.com/card/ons/170/es/,Onslaught,uncommon,0.42,2002-10-07T00:00:00Z,4,good
Unearth,en,https://scryfall.com/card/ulg/72/,Urza's Legacy,common,0.79,1999-02-15T00:00:00Z,4,near_mint
Planar Void,en,https://scryfall.com/card/usg/149/,Urza's Saga,uncommon,1.35,1998-10-12T00:00:00Z,4,excellent
Mishra's Factory,en,https://scryfall.com/card/4ed/361/,Fourth Edition,uncommon,1.37,1995-04-01T00:00:00Z,4,excellent
"Rofellos, Llanowar Emissary",en,https://scryfall.com/card/uds/118/,Urza's Destiny,rare,21.20,1999-06-07T00:00:00Z,3,near_mint
Priest of Titania,en,https://scryfall.com/card/mb1/1299/,Mystery Booster,common,4.91,2019-11-07T00:00:00Z,4,near_mint
Wirewood Lodge,es,https://scryfall.com/card/ons/329/es/,Onslaught,uncommon,3.43,2002-10-07T00:00:00Z,3,good
Wirewood Lodge,en,https://scryfall.com/card/ons/329/,Onslaught,uncommon,3.43,2002-10-07T00:00:00Z,1,excellent
Caller of the Claw,es,https://scryfall.com/card/lgn/121/es/,Legions,rare,1.99,2003-02-03T00:00:00Z,4,good
Firemind's Research,en,https://scryfall.com/card/grn/171/,Guilds of Ravnica,rare,0.10,2018-10-05T00:00:00Z,1,near_mint
Fetid Heath,en,https://scryfall.com/card/2xm/316/,Double Masters,rare,4.00,2020-08-07T00:00:00Z,4,near_mint
"Liliana, Waker of the Dead",en,https://scryfall.com/card/m21/108/,Core Set 2021,mythic,2.99,2020-07-03T00:00:00Z,2,near_mint
Bedlam Reveler,en,https://scryfall.com/card/emn/118/,Eldritch Moon,rare,0.38,2016-07-22T00:00:00Z,4,near_mint
Terminate,en,https://scryfall.com/card/pls/128/,Planeshift,common,0.98,2001-02-05T00:00:00Z,4,near_mint
Dark Ritual,en,https://scryfall.com/card/mmq/129/,Mercadian Masques,common,0.53,1999-10-04T00:00:00Z,4,near_mint
Arcane Signet,en,https://scryfall.com/card/clb/298/,Commander Legends: Battle for Baldur's Gate,uncommon,0.61,2022-06-10T00:00:00Z,1,near_mint
Go Blank,en,https://scryfall.com/card/stx/72/,Strixhaven: School of Mages,uncommon,0.90,2021-04-23T00:00:00Z,4,near_mint
Double Vision,en,https://scryfall.com/card/m21/142/,Core Set 2021,rare,0.33,2020-07-03T00:00:00Z,1,near_mint
Crackling Drake,en,https://scryfall.com/card/grn/163/,Guilds of Ravnica,uncommon,0.16,2018-10-05T00:00:00Z,4,near_mint
Aria of Flame,en,https://scryfall.com/card/mh1/118/,Modern Horizons,rare,0.65,2019-06-14T00:00:00Z,1,near_mint
Blasphemous Act,en,https://scryfall.com/card/2xm/117/,Double Masters,rare,2.45,2020-08-07T00:00:00Z,1,near_mint
Murmuring Mystic,en,https://scryfall.com/card/grn/45/,Guilds of Ravnica,uncommon,0.13,2018-10-05T00:00:00Z,1,near_mint
Field of Ruin,en,https://scryfall.com/card/xln/254/,Ixalan,uncommon,0.38,2017-09-29T00:00:00Z,4,near_mint
Notion Thief,en,https://scryfall.com/card/dgm/88/,Dragon's Maze,rare,2.07,2013-05-03T00:00:00Z,1,near_mint
Guttersnipe,en,https://scryfall.com/card/rtr/98/,Return to Ravnica,uncommon,0.12,2012-10-05T00:00:00Z,1,near_mint
Mentor of the Meek,en,https://scryfall.com/card/isd/21/,Innistrad,rare,0.35,2011-09-30T00:00:00Z,4,near_mint
Dryad Arbor,en,https://scryfall.com/card/fut/174/,Future Sight,uncommon,1.73,2007-05-04T00:00:00Z,4,near_mint
Nightscape Familiar,en,https://scryfall.com/card/pls/48/,Planeshift,common,0.31,2001-02-05T00:00:00Z,1,near_mint
"Lier, Disciple of the Drowned",en,https://scryfall.com/card/mid/59/,Innistrad: Midnight Hunt,mythic,8.95,2021-09-24T00:00:00Z,1,near_mint
Cascade Bluffs,en,https://scryfall.com/card/2xm/313/,Double Masters,rare,4.87,2020-08-07T00:00:00Z,4,near_mint
Hydroblast,en,https://scryfall.com/card/ice/72/,Ice Age,common,1.18,1995-06-03T00:00:00Z,4,excellent
Massacre,en,https://scryfall.com/card/nem/58/,Nemesis,uncommon,0.30,2000-02-14T00:00:00Z,4,excellent
Spiritmonger,en,https://scryfall.com/card/apc/121/,Apocalypse,rare,2.41,2001-06-04T00:00:00Z,4,excellent
Ledger Shredder,en,https://scryfall.com/card/snc/412/,Streets of New Capenna,rare,24.75,2022-04-29T00:00:00Z,1,near_mint
Xander's Lounge,en,https://scryfall.com/card/snc/358/,Streets of New Capenna,rare,9.19,2022-04-29T00:00:00Z,1,near_mint
"Niv-Mizzet, Parun",en,https://scryfall.com/card/grn/192/,Guilds of Ravnica,rare,0.98,2018-10-05T00:00:00Z,4,near_mint
Command Tower,en,https://scryfall.com/card/c20/264/,Commander 2020,common,0.19,2020-04-17T00:00:00Z,1,near_mint
Crumbling Necropolis,en,https://scryfall.com/card/c16/287/,Commander 2016,uncommon,0.29,2016-11-11T00:00:00Z,1,near_mint
Faithless Salvaging,en,https://scryfall.com/card/mh2/122/,Modern Horizons 2,common,0.05,2021-06-18T00:00:00Z,4,near_mint
Maestros Theater,en,https://scryfall.com/card/snc/251/,Streets of New Capenna,common,0.11,2022-04-29T00:00:00Z,1,near_mint
Pyroblast,en,https://scryfall.com/card/ice/213/,Ice Age,common,3.58,1995-06-03T00:00:00Z,4,near_mint
Grim Flayer,en,https://scryfall.com/card/emn/184/,Eldritch Moon,mythic,1.85,2016-07-22T00:00:00Z,1,near_mint
Archmage Emeritus,en,https://scryfall.com/card/stx/37/,Strixhaven: School of Mages,rare,3.38,2021-04-23T00:00:00Z,4,near_mint
Deadly Dispute,en,https://scryfall.com/card/afr/94/,Adventures in the Forgotten Realms,common,1.42,2021-07-23T00:00:00Z,4,near_mint
Storm-Kiln Artist,en,https://scryfall.com/card/stx/115/,Strixhaven: School of Mages,uncommon,2.10,2021-04-23T00:00:00Z,4,near_mint
Leonin Arbiter,en,https://scryfall.com/card/2x2/16/,Double Masters 2022,rare,0.66,2022-07-08T00:00:00Z,1,near_mint
"Baral, Chief of Compliance",en,https://scryfall.com/card/aer/28/,Aether Revolt,rare,4.57,2017-01-20T00:00:00Z,1,near_mint
Sudden Edict,en,https://scryfall.com/card/mh2/100/,Modern Horizons 2,uncommon,0.16,2021-06-18T00:00:00Z,4,near_mint
Poppet Stitcher // Poppet Factory,en,https://scryfall.com/card/mid/71/,Innistrad: Midnight Hunt,mythic,8.25,2021-09-24T00:00:00Z,4,near_mint
Flagstones of Trokair,en,https://scryfall.com/card/tsp/272/,Time Spiral,rare,3.48,2006-10-06T00:00:00Z,2,excellent
Flagstones of Trokair,en,https://scryfall.com/card/tsp/272/,Time Spiral,rare,3.48,2006-10-06T00:00:00Z,2,good
"Kalitas, Traitor of Ghet",en,https://scryfall.com/card/ogw/86/,Oath of the Gatewatch,mythic,22.35,2016-01-22T00:00:00Z,1,near_mint
Sorin the Mirthless,en,https://scryfall.com/card/vow/131/,Innistrad: Crimson Vow,mythic,11.00,2021-11-19T00:00:00Z,2,near_mint
"Kambal, Consul of Allocation",en,https://scryfall.com/card/kld/183/,Kaladesh,rare,1.22,2016-09-30T00:00:00Z,1,excellent
"Kambal, Consul of Allocation",en,https://scryfall.com/card/kld/183/,Kaladesh,rare,1.22,2016-09-30T00:00:00Z,1,good
